disease_id,disease_group,icd_code,disease,icd_name,share_outpatient,share_oneday,share_inpatient,top1_code,top2_code,top3_code,top1_share,top2_share,top3_share,n_total,n_Female_25-44_Low,n_Female_25-44_Med,n_Female_25-44_High,n_Female_45-64_Low,n_Female_45-64_Med,n_Female_45-64_High,n_Female_65+_Low,n_Female_65+_Med,n_Female_65+_High,n_Male_25-44_Low,n_Male_25-44_Med,n_Male_25-44_High,n_Male_45-64_Low,n_Male_45-64_Med,n_Male_45-64_High,n_Male_65+_Low,n_Male_65+_Med,n_Male_65+_High
1,Infectious diseases,A15-A19,Tuberculosis,Tuberculosis,0.817136,0.050955,0.131909,A16,R76,A18,0.52,0.30,0.08,5686,321,264,286,495,358,233,281,193,204,539,238,164,687,347,222,363,269,222
2,Infectious diseases,A30-A49,Other bacterial diseases,Other bacterial diseases,0.14922,0.004919,0.845862,A41,N39,A40,0.72,0.20,0.02,43542,429,398,405,1584,1056,571,5309,5266,3946,422,271,216,1998,1432,1083,7274,6300,5582
3,Infectious diseases,A50-A64,Infections with a predominantly sexual mode of transmission,Infections with a predominantly sexual mode of transmission,0.994654,0.002083,0.003263,A63,A64,Z72,0.52,0.21,0.09,15224,1161,1012,1374,449,345,300,,,,3135,1817,1600,1435,1071,998,179,153,195
4,Infectious diseases,A65-A69,Other spirochetal diseases,Other spirochetal diseases,0.884333,0.105282,0.010385,A69,M01,T14,0.99,0.00,0.00,3870,167,209,304,344,300,265,150,87,129,177,200,181,241,356,398,90,98,174
5,Infectious diseases,B00-B09,Viral infections characterized by skin and mucous membrane lesions,Viral infections characterized by skin and mucous membrane lesions,0.998645,0.001235,0.00012,B07,L82,A63,0.87,0.08,0.03,58679,1735,2243,3607,4807,4741,3857,3719,3200,3965,2294,1932,2018,2988,3709,5217,2092,2597,3958
6,Infectious diseases,B15-B19,Viral hepatitis,Viral hepatitis,0.879633,0.045694,0.074673,B18,B19,B17,0.56,0.22,0.09,5591,358,217,221,453,280,148,122,74,59,817,278,223,1112,440,307,227,147,108
7,Infectious diseases,B20-B24,HIV infection,HIV infection,0.890239,0.012023,0.097738,B24,B23,Z21,0.48,0.28,0.14,2559,106,,,74,,,,,,737,334,221,487,323,277,,,
8,Infectious diseases,B25-B34,Other viral diseases,Other viral diseases,0.599562,0.023837,0.376601,B34,J10,B02,0.58,0.10,0.09,8118,359,427,613,491,439,336,481,478,408,463,416,464,401,429,441,526,481,465
11,Infectious diseases,B99(-B99),Other infectious diseases,Other infectious diseases,0.511993,0.015628,0.472379,B99,A49,N39,0.44,0.15,0.05,15184,463,505,611,761,612,430,1265,1370,988,606,447,381,888,759,694,1632,1425,1347
12,Infectious diseases,K70-K77,Diseases of liver,Diseases of liver,0.791236,0.091298,0.117467,K75,K76,K71,0.54,0.12,0.08,19597,736,629,738,1737,1362,847,931,727,760,1490,858,746,2287,1643,1351,1000,925,830
13,Infectious diseases,L08,Other local infections of skin and subcutaneous tissue,Other local infections of skin and subcutaneous tissue,0.995368,0.001084,0.003548,B35,L98,B36,0.17,0.17,0.11,88968,3673,4296,5964,6026,5218,3870,4690,4166,4005,5626,4684,4210,6143,5936,6237,4261,4591,5372
14,Neoplasms of other digestive organs,C15-C26,Malignant neoplasms of digestive organs,Malignant neoplasms of digestive organs,0.339009,0.156008,0.504983,C25,C15,C16,0.24,0.20,0.15,47552,206,254,300,2234,1844,1177,4795,3596,4373,278,237,187,2911,2969,2638,6523,6675,6355
15,Neoplasms of other digestive organs,C76.2,Malignant neoplasm of abdomen,Malignant neoplasm of abdomen,0.337013,0.041092,0.621895,C76,C17,C78,0.26,0.17,0.12,4711,53,81,110,438,371,238,595,422,526,,,,233,260,251,347,377,409
16,Neoplasms of other digestive organs,C78.7,Secondary malignant neoplasm of liver and intrahepatic bile duct,Secondary malignant neoplasm of liver and intrahepatic bile duct,0.527133,0.089163,0.383703,C22,D13,D37,0.42,0.38,0.15,4269,130,143,174,340,298,211,334,217,263,,,,266,210,218,492,504,469
17,Neoplasms of other digestive organs,D13,Benign neoplasm of and ill-defined parts of digestive system,Benign neoplasm of and ill-defined parts of digestive system,0.833273,0.07223,0.094497,D13,D18,D37,0.69,0.11,0.10,7693,501,646,899,1086,943,666,374,305,335,121,88,68,298,342,293,222,247,259
18,Intestinal neoplasms,C15-C26,Malignant neoplasms of digestive organs,Malignant neoplasms of digestive organs,0.21847,0.202997,0.578533,C18,C20,C19,0.57,0.23,0.12,71046,250,317,409,3296,2836,1920,7689,6546,7063,250,302,313,3058,3887,4053,8546,10154,10157
19,Intestinal neoplasms,C78.6,Secondary malignant neoplasm of retroperitoneum and peritoneum,Secondary malignant neoplasm of retroperitoneum and peritoneum,0.200402,0.067303,0.732295,C78,C18,C48,0.95,0.03,0.00,1476,,,,129,144,73,151,77,146,,,,76,115,127,93,166,179
20,Intestinal neoplasms,D12,"Benign neoplasm of colon, rectum, anus and anal canal","Benign neoplasm of colon, rectum, anus and anal canal",0.187627,0.737546,0.074827,K63,D12,Z80,0.54,0.40,0.02,182266,1399,1859,2462,12884,11736,7856,15410,12002,14681,1470,1893,1940,10614,13265,15849,15309,19323,22314
21,Intestinal neoplasms,D13,Benign neoplasm of and ill-defined parts of digestive system,Benign neoplasm of and ill-defined parts of digestive system,0.396464,0.202698,0.400838,D12,K63,D13,0.47,0.16,0.14,4166,67,101,110,284,248,158,351,309,328,54,56,,209,250,289,380,469,503
22,Lung and intrathoracic neoplasms,C32 Z76,Malignant neoplasm of glottis,Malignant neoplasm of glottis,0.420017,0.305299,0.274685,C32,Z76,R49,0.93,0.04,0.01,3739,,,,135,65,,179,124,135,,,,510,359,199,826,693,514
23,Lung and intrathoracic neoplasms,C34 J84 J98,Malignant neoplasm of bronchus and lung,Malignant neoplasm of bronchus and lung,0.438409,0.159973,0.401618,C34,J84,J98,0.64,0.08,0.08,78244,420,436,441,5394,3695,2077,7288,5653,6347,627,509,385,5373,4716,3118,11881,11643,8241
24,Lung and intrathoracic neoplasms,C45.0,Mesothelioma of pleura,Mesothelioma of pleura,0.3083,0.133509,0.558191,C45,Z76,J94,0.94,0.03,0.01,1567,,,,,,,57,,50,,,,63,105,69,364,531,328
25,Lung and intrathoracic neoplasms,C78.0 C78.3,Secondary malignant neoplasm of resp and digestive organs,Secondary malignant neoplasm of resp and digestive organs,0.456202,0.274846,0.268952,C78,C79,C77,0.87,0.08,0.01,8382,,61,83,531,408,283,917,661,808,,,,471,513,413,1060,1120,1053
26,Lung and intrathoracic neoplasms,D14.3,Benign neoplasm of bronchus and lung,Benign neoplasm of bronchus and lung,0.820361,0.119049,0.06059,D14,D15,Q85,0.84,0.11,0.01,11606,127,130,142,902,692,429,948,857,886,153,131,94,919,835,708,1211,1369,1073
28,Breast neoplasms,C50,Malignant neoplasm of breast,Malignant neoplasm of breast,0.41224,0.212664,0.375096,C50,D05,D48,0.94,0.04,0.01,71075,1557,2197,3146,12169,11396,9032,11048,9821,10126,,,,50,66,73,116,123,155
29,Breast neoplasms,N60-N64,Disorders of breast,Disorders of breast,0.936478,0.04835,0.015173,D24,N60,N64,0.72,0.11,0.08,197727,15272,19093,25486,37325,34422,25274,12666,9596,10612,764,657,555,1025,1053,950,950,1011,1016
30,Cervical neoplasms,C51-C58,Malignant neoplasms of female genital organs,Malignant neoplasms of female genital organs,0.453702,0.15631,0.389988,C53,D06,Z03,0.85,0.04,0.04,3309,327,442,536,480,393,386,291,227,227,,,,,,,,,
31,Prostate neoplasms,C60-C63,Malignant neoplasms of male genital organs,Malignant neoplasms of male genital organs,0.660474,0.089717,0.249809,C61,Z03,N42,0.91,0.05,0.01,45279,,,,,,,,,,,,,2364,3559,4585,9544,11491,13736
32,Prostate neoplasms,N40,Enlarged prostate,Enlarged prostate,0.785383,0.040868,0.17375,N40,D29,R33,0.74,0.15,0.04,160931,,,,,,,92,114,95,917,828,828,13721,15911,18181,33069,36562,40613
33,Prostate neoplasms,N42,Other and unspecified disorders of prostate,Other and unspecified disorders of prostate,0.984562,0.007476,0.007962,N42,N41,R10,0.66,0.19,0.08,7475,,,,,,,,,,950,979,973,1106,1195,1359,256,301,356
34,Neoplasms of other male genital organs,C60-C63,Malignant neoplasms of male genital organs,Malignant neoplasms of male genital organs,0.354859,0.205166,0.439975,C62,D40,C60,0.56,0.18,0.13,4670,,,,,,,,,,756,821,774,349,450,475,378,312,355
35,Neoplasms of other female genital organs,C51-C58,Malignant neoplasms of female genital organs,Malignant neoplasms of female genital organs,0.421503,0.076853,0.501644,C54,C56,C51,0.33,0.32,0.09,19212,342,390,591,2556,2152,1653,4291,3428,3809,,,,,,,,,
36,Neoplasms of other female genital organs,C64-C68,Malignant neoplasms of urinary tract,Malignant neoplasms of urinary tract,0.355639,0.139098,0.505263,C68,C51,C67,0.19,0.17,0.12,888,,,,72,57,,118,84,85,,,,53,55,,118,122,124
37,Neoplasms of other female genital organs,D25,Leiomyoma of uterus,Leiomyoma of uterus,0.674319,0.098583,0.227099,D25,D26,N92,0.72,0.16,0.05,33548,3420,3493,4715,6993,6736,6192,747,609,643,,,,,,,,,
38,Bladder and kidney neoplasms,C64-C68,Malignant neoplasms of urinary tract,Malignant neoplasms of urinary tract,0.357136,0.055529,0.587335,C67,D41,C64,0.38,0.17,0.16,54307,305,300,356,2190,1723,981,3878,3330,3332,424,385,345,3288,3564,3244,8546,9245,8871
39,Neoplasms of lymphatic and hematopoietic tissue,C81-C96,"Malignant neoplasms of lymphoid, hematopoietic and related tissue","Malignant neoplasms of lymphoid, hematopoietic and related tissue",0.394412,0.224902,0.380686,C90,C91,C85,0.17,0.16,0.16,30986,226,360,457,1483,1270,809,2866,2353,2531,510,489,438,1743,2141,2156,3411,3790,3953
40,Neoplasms of lymphatic and hematopoietic tissue,D45,Polycythemia vera,Polycythemia vera,0.822096,0.133144,0.044759,D45,D47,D75,0.55,0.40,0.03,5011,73,80,105,384,279,202,505,452,490,93,85,72,336,323,326,388,379,439
41,Neoplasms of lymphatic and hematopoietic tissue,D46,Myelodysplastic syndromes,Myelodysplastic syndromes,0.478791,0.228576,0.292633,D46,D75,D64,0.93,0.02,0.01,4051,,,,100,57,,459,468,357,,,,130,115,106,720,761,778
42,Neoplasms of lymphatic and hematopoietic tissue,D47,"Oth neoplm of uncrt behav of lymphoid, hematpoetc & rel tiss","Oth neoplm of uncrt behav of lymphoid, hematpoetc & rel tiss",0.839577,0.093253,0.06717,D47,C96,D75,0.88,0.05,0.02,6991,,,,397,299,184,780,702,752,,,,342,371,346,862,905,1051
43,Skin neoplasms,C43-C44,Melanoma and other malignant neoplasms of skin,Melanoma and other malignant neoplasms of skin,0.9151,0.064719,0.020181,C44,C43,M80,0.77,0.11,0.05,251426,1823,3227,5376,15029,15155,11568,25814,25697,23987,1381,2105,2734,7448,11916,17136,20988,26455,33587
44,Skin neoplasms,D04,Carcinoma in situ of skin,Carcinoma in situ of skin,0.974897,0.024641,0.000463,L57,D04,L85,0.73,0.16,0.03,223444,1021,1716,2851,14112,14330,10789,27344,25167,27223,762,1139,1483,5368,8946,14660,15321,20624,30588
45,Skin neoplasms,D22,Melanocytic nevi,Melanocytic nevi,0.999578,0.000383,0.00004,D22,I78,Q82,0.93,0.04,0.01,176021,10596,18490,35068,12623,14005,13299,3208,2688,3354,7502,9178,12562,4743,7531,12743,1896,2513,4022
46,Skin neoplasms,D23,Other benign neoplasms of skin,Other benign neoplasms of skin,0.918833,0.072419,0.008749,L82,L72,D17,0.18,0.17,0.15,349153,11472,14558,20114,30667,28407,21218,19316,17136,18512,14483,14326,13262,20921,25120,29068,13871,16282,20420
47,Skin neoplasms,L80-L99,Other disorders of the skin and subcutaneous tissue,Other disorders of the skin and subcutaneous tissue,0.997681,0.001525,0.000794,I78,D18,L98,0.26,0.25,0.18,25958,1084,1527,2394,2509,2419,1966,1455,1287,1392,748,830,982,1066,1319,1664,887,1088,1341
48,Other neoplasms,C00-C14,"Malignant neoplasms of lip, oral cavity and pharynx.","Malignant neoplasms of lip, oral cavity and pharynx.",0.564925,0.122471,0.312604,C10,C06,C13,0.21,0.19,0.11,7892,,,,443,316,195,601,519,565,86,65,58,892,638,520,1157,972,865
49,Other neoplasms,C40-C41,Malignant neoplasms of bone and articular cartilage,Malignant neoplasms of bone and articular cartilage,0.706684,0.066274,0.227043,C41,C40,D48,0.37,0.24,0.10,4641,112,124,137,386,343,234,336,224,304,105,107,109,256,346,337,323,433,425
50,Other neoplasms,C49,Malignant neoplasm of other connective and soft tissue,Malignant neoplasm of other connective and soft tissue,0.545889,0.146185,0.307926,C49,C44,Z76,0.78,0.04,0.03,7510,125,182,282,526,397,346,606,551,528,170,159,129,389,500,536,571,707,806
52,Other neoplasms,C69-C72,"Malignant neoplasms of eye, brain and other parts of central nervous system","Malignant neoplasms of eye, brain and other parts of central nervous system",0.708268,0.085465,0.206267,C71,D32,D43,0.21,0.14,0.10,21149,388,472,573,1918,1510,1022,1885,1449,1688,465,475,333,1176,1377,1342,1502,1792,1782
53,Other neoplasms,C73-C75,Malignant neoplasms of thyroid and other endocrine glands,Malignant neoplasms of thyroid and other endocrine glands,0.442646,0.027115,0.530239,C73,D35,D44,0.75,0.08,0.05,3672,164,216,288,408,331,257,293,227,221,82,99,90,176,171,193,135,149,172
54,Other neoplasms,C76.0,"Malignant neoplasm of head, face and neck","Malignant neoplasm of head, face and neck",0.39872,0.139151,0.462129,C77,C76,C10,0.21,0.18,0.12,5892,,,83,388,252,172,345,305,309,81,68,81,784,537,456,720,661,650
55,Other neoplasms,C79.3-C79.5,Secondary malignant neoplasm of brain and cerebral meninges,Secondary malignant neoplasm of brain and cerebral meninges,0.627672,0.030996,0.341332,C79,Z76,G55,0.92,0.02,0.01,22074,138,218,241,1809,1436,941,2047,1377,1729,127,134,103,1244,1257,1157,2555,2867,2694
56,Other neoplasms,C80,Malignant neoplasm without specification of site,Malignant neoplasm without specification of site,0.607976,0.119104,0.27292,C80,C44,C79,0.30,0.22,0.08,21055,254,305,414,1271,1051,678,2339,2075,1999,169,146,127,870,917,890,2425,2533,2592
57,Other neoplasms,D11,Benign neoplasm of major salivary glands,Benign neoplasm of major salivary glands,0.685543,0.049794,0.264662,D11,D10,Z76,0.90,0.05,0.02,8794,220,258,329,691,528,399,672,572,585,219,233,225,650,692,652,610,594,665
58,Other neoplasms,D14.0,"Benign neoplasm of mid ear, nasl cav and accessory sinuses","Benign neoplasm of mid ear, nasl cav and accessory sinuses",0.533627,0.14627,0.320103,C31,D14,D10,0.35,0.28,0.16,1731,,,,105,90,60,97,88,73,64,66,58,147,167,166,191,175,184
59,Other neoplasms,D16,Benign neoplasm of bone and articular cartilage,Benign neoplasm of bone and articular cartilage,0.753005,0.174422,0.072573,D16,M89,M85,0.61,0.24,0.07,10221,431,530,744,1040,937,574,435,347,398,525,505,478,658,820,758,308,359,374
61,Other neoplasms,D21,Other benign neoplasms of connective and other soft tissue,Other benign neoplasms of connective and other soft tissue,0.681161,0.251436,0.067403,D21,D48,R22,0.87,0.02,0.01,13363,555,639,858,1466,1249,796,659,545,521,525,556,524,896,1034,992,457,529,562
62,Other neoplasms,D31.6,Benign neoplasm of unspecified site of orbit,Benign neoplasm of unspecified site of orbit,0.805139,0.115632,0.079229,D48,C79,D18,0.43,0.12,0.12,1141,,,56,129,121,72,93,68,85,,,,68,86,83,83,90,107
64,Other neoplasms,D33,Benign neoplasm of brain and oth prt central nervous system,Benign neoplasm of brain and oth prt central nervous system,0.954927,0.009947,0.035126,D33,D32,D35,0.74,0.08,0.07,10523,189,246,339,863,761,473,854,720,834,201,231,190,609,781,884,633,776,939
65,Other neoplasms,D35,Benign neoplasm of other and unspecified endocrine glands,Benign neoplasm of other and unspecified endocrine glands,0.463633,0.032747,0.503619,D35,E21,D44,0.54,0.23,0.16,5750,298,334,505,675,529,403,465,343,398,127,111,77,299,289,249,200,220,228
66,Other neoplasms,D36.1 D36.7 D36.9,Benign neoplasm of peripheral nerves and autonomic nervous system,Benign neoplasm of peripheral nerves and autonomic nervous system,0.652183,0.210417,0.137401,D14,C44,D48,0.26,0.24,0.17,7170,140,162,258,453,431,320,512,475,549,225,198,195,393,466,534,529,614,716
67,Other neoplasms,D43,Neoplasm of uncertain behavior of brain and cnsl,Neoplasm of uncertain behavior of brain and cnsl,0.357038,0.013123,0.62984,D43,C71,Z76,0.61,0.05,0.05,15072,294,353,420,1372,1145,721,1170,815,1138,338,348,275,939,1102,1048,1122,1214,1258
68,Other neoplasms,D44,Neoplasm of uncertain behavior of endocrine glands,Neoplasm of uncertain behavior of endocrine glands,0.754442,0.039657,0.205901,D44,D35,C74,0.67,0.19,0.07,6612,135,163,183,713,550,310,490,434,471,120,98,85,451,473,405,481,518,532
69,Other neoplasms,D48,Neoplasm of uncertain behavior of other and unsp sites,Neoplasm of uncertain behavior of other and unsp sites,0.538126,0.057635,0.404238,D48,D43,C18,0.27,0.12,0.10,3800,66,75,85,246,217,135,460,435,383,,53,,116,117,137,471,436,368
71,Diabetes mellitus including diabetic complications,E10-E14,Diabetes mellitus,Diabetes mellitus,0.839173,0.016442,0.144385,E11,E14,E10,0.45,0.39,0.12,76494,1492,1373,1320,4920,3276,1915,6455,5831,4479,2917,1907,1305,8178,5906,4304,8848,6997,5071
72,Diabetes mellitus including diabetic complications,H30-H36,Disorders of choroid and retina,Disorders of choroid and retina,0.980582,0.018088,0.00133,E14,H36,H35,0.72,0.23,0.05,57146,567,584,582,2827,1865,1039,6378,6147,4261,1233,918,655,5342,4099,2820,7383,5941,4505
73,Diabetes mellitus including diabetic complications,I70-I79,"Diseases of arteries, arterioles and capillaries","Diseases of arteries, arterioles and capillaries",0.729197,0.018128,0.252675,E14,I79,L99,0.90,0.03,0.02,17348,81,63,54,541,342,205,1843,2037,1403,245,101,53,1743,1018,655,2919,2301,1744
74,Nutritional disorders,E40-E46,Malnutrition,Malnutrition,0.544193,0.273057,0.182751,R63,E46,E63,0.44,0.41,0.06,15461,371,303,289,1031,708,362,1680,1425,1270,245,136,82,1042,729,521,1962,1787,1518
76,Nutritional disorders,E65-E68,"Overweight, obesity and other hyperalimentation","Overweight, obesity and other hyperalimentation",0.536797,0.018678,0.444526,E66,E65,Z09,0.88,0.10,0.01,44085,5824,5464,4869,7221,5826,3615,314,231,172,1634,1222,763,2756,2272,1432,187,161,122
77,Other endocrine disorders,E04 E05 D34,"Other nontoxic goiter, Thyrotoxicosis [hyperthyroidism]","Other nontoxic goiter, Thyrotoxicosis [hyperthyroidism]",0.85136,0.014173,0.134467,E04,E05,D34,0.42,0.41,0.08,56196,3137,3815,4926,7942,6892,4805,4783,4180,3977,819,712,673,1611,1624,1914,1273,1493,1620
78,Other endocrine disorders,E03 E06,"Other hypothyroidism, Thyroiditis","Other hypothyroidism, Thyroiditis",0.966527,0.019814,0.013658,E03,E06,E02,0.79,0.20,0.00,23852,1804,2357,3773,3029,2672,1871,1309,1098,1094,362,380,322,683,695,698,561,571,573
79,Other endocrine disorders,E07,Other disorders of thyroid,Other disorders of thyroid,0.961163,0.01714,0.021697,E07,D44,D34,0.93,0.02,0.01,3190,213,273,430,433,416,231,213,179,192,55,,,91,106,105,94,72,87
80,Other endocrine disorders,E20-E35,Disorders of other endocrine glands,Disorders of other endocrine glands,0.889579,0.03705,0.073371,E34,E21,E27,0.13,0.12,0.10,33044,2797,3417,5049,2450,1952,1449,1918,1669,1591,885,763,609,1586,1495,1263,1346,1456,1349
81,Other endocrine disorders,E89.0,Postprocedural hypothyroidism,Postprocedural hypothyroidism,0.967709,0.015126,0.017165,E03,E89,E05,0.81,0.18,0.00,3998,227,267,325,519,421,268,361,267,262,64,,,122,118,95,253,208,221
82,Other metabolic disorders and immunodeficiencies,D84,Other immunodeficiencies,Other immunodeficiencies,0.786794,0.152431,0.060775,D84,D80,D83,0.44,0.23,0.13,1709,101,125,193,170,139,103,65,66,79,83,81,65,89,107,112,54,,77
83,Other metabolic disorders and immunodeficiencies,D86.0 D86.9,Sarcoidosis of lung,Sarcoidosis of lung,0.700968,0.227184,0.071848,D86,R59,R06,0.99,0.00,0.00,10709,408,510,607,776,740,532,340,244,225,766,911,720,867,1151,1000,297,343,272
86,Other metabolic disorders and immunodeficiencies,E78,Disorders of lipoprotein metabolism and other lipidemias,Disorders of lipoprotein metabolism and other lipidemias,0.988398,0.008081,0.003521,E78,Z76,Z83,0.98,0.02,0.00,14854,323,366,509,1553,1272,756,694,506,623,748,726,678,1411,1618,1659,381,479,552
88,Other metabolic disorders and immunodeficiencies,E83,Disorders of mineral metabolism,Disorders of mineral metabolism,0.789413,0.103362,0.107225,E83,E55,E88,0.90,0.06,0.01,6692,152,191,238,620,477,306,494,431,472,190,227,222,424,509,571,337,398,433
91,Other metabolic disorders and immunodeficiencies,E88,Other and unspecified metabolic disorders,Other and unspecified metabolic disorders,0.793258,0.051957,0.154785,E34,E16,E87,0.20,0.12,0.11,18865,1006,1167,1329,1665,1303,944,1296,1057,1030,775,571,495,1237,1147,957,1003,972,911
92,Other metabolic disorders and immunodeficiencies,M05-M14,Inflammatory polyarthropathies,Inflammatory polyarthropathies,0.972531,0.010083,0.017385,D86,M14,Z03,0.98,0.01,0.00,2006,116,198,201,149,156,109,,,,159,248,222,112,195,141,,,
93,Diseases of the blood and blood-forming organs,D50-D53,Nutritional anemias,Nutritional anemias,0.473272,0.286473,0.240255,D50,D51,E61,0.89,0.04,0.04,55708,2279,1875,1789,4037,2959,1723,6662,7269,5337,352,244,183,1943,1516,1071,6559,5503,4407
94,Diseases of the blood and blood-forming organs,D55-D59,Hemolytic anemias,Hemolytic anemias,0.68557,0.069856,0.244574,D59,D56,D58,0.38,0.28,0.14,3544,249,191,220,252,205,114,260,204,199,216,108,75,212,189,132,252,238,228
95,Diseases of the blood and blood-forming organs,D60-D64,Aplastic and other anemias and other bone marrow failure syndromes,Aplastic and other anemias and other bone marrow failure syndromes,0.660529,0.139912,0.199559,D64,D75,R70,0.76,0.08,0.04,17407,259,234,249,759,520,308,1941,2116,1570,215,124,96,849,641,497,2550,2320,2159
96,Diseases of the blood and blood-forming organs,D65-D69,"Coagulation defects, purpura and other hemorrhagic conditions","Coagulation defects, purpura and other hemorrhagic conditions",0.834989,0.05584,0.109171,D69,D68,D66,0.42,0.39,0.06,18506,973,1237,1974,1300,1045,741,1181,1108,1022,459,485,425,888,890,905,1236,1325,1312
97,Diseases of the blood and blood-forming organs,D70-D77,Other disorders of blood and blood-forming organs,Other disorders of blood and blood-forming organs,0.792412,0.098962,0.108626,D72,D75,D70,0.38,0.27,0.11,7862,361,355,429,663,519,364,532,506,502,270,193,157,502,465,372,598,532,542
99,Dementia,F03 R41 G30,"Alzheimer's disease, Unspecified dementia, Oth symptoms and signs w cognitive functions and awareness","Alzheimer's disease, Unspecified dementia, Oth symptoms and signs w cognitive functions and awareness",0.818612,0.132882,0.048507,F03,R41,G30,0.35,0.24,0.16,74227,,,,1026,775,404,11831,13681,11085,64,,,1415,1174,806,10488,10530,10948
100,Dementia,F05,Delirium due to known physiological condition,Delirium due to known physiological condition,0.927199,0.005658,0.067143,F05,R41,Z76,0.99,0.00,0.00,48709,,,,134,76,,7166,8989,5735,,,,279,208,111,10438,8389,7184
101,Dementia,F10-F19,Mental and behavioral disorders due to psychoactive substance use,Mental and behavioral disorders due to psychoactive substance use,0.857858,0.062457,0.079685,R41,Z03,F06,0.47,0.14,0.12,42444,611,636,619,2855,2475,1481,3680,3435,3633,798,556,371,3323,3119,2471,3777,4080,4524
103,Mental disorders,F30-F39,Mood [affective] disorders,Mood [affective] disorders,0.80166,0.08064,0.117699,F32,F39,G40,0.63,0.26,0.07,2475,,,,,,,508,596,465,,,,,,,344,308,254
106,Mental disorders,F80-F89,Pervasive and specific developmental disorders,Pervasive and specific developmental disorders,1,0,0,F80,Z03,F81,0.60,0.08,0.06,1928,58,80,92,147,152,114,106,85,86,81,61,,148,142,136,125,167,148
108,Mental disorders,F99,"Mental disorder, not otherwise specified","Mental disorder, not otherwise specified",0.853552,0.035506,0.110942,F44,F99,F41,0.22,0.21,0.08,22512,1645,1568,1550,2041,1316,762,1778,1796,1553,983,525,293,1485,1054,659,1363,1107,1034
109,Mental disorders,T36-T50,"Poisoning by, adverse effect of and underdosing of drugs, medicaments and biological substances","Poisoning by, adverse effect of and underdosing of drugs, medicaments and biological substances",0.764479,0.047789,0.187732,T51,T65,T40,0.33,0.22,0.16,4261,147,100,89,329,204,100,258,210,241,447,139,80,610,302,182,315,249,259
110,Parkinson?s disease,G20-G26,Extrapyramidal and movement disorders,Extrapyramidal and movement disorders,0.932038,0.021001,0.04696,G20,G25,R25,0.34,0.31,0.15,54902,779,827,866,2978,2269,1240,5797,5357,5194,796,571,440,2693,2579,2239,6463,6685,7129
111,Multiple sclerosis,G35-G37,Demyelinating diseases of the central nervous system,Demyelinating diseases of the central nervous system,0.744654,0.124213,0.131133,G35,G37,Z76,0.94,0.03,0.02,8866,760,1043,1387,969,856,660,211,141,173,398,381,314,448,399,415,100,97,114
112,Epilepsy,G40 Z03,Epilepsy and recurrent seizures,Epilepsy and recurrent seizures,0.671553,0.026482,0.301965,G40,Z03,R56,0.91,0.03,0.02,45084,1490,1489,1527,2837,2230,1337,2981,2707,2495,2815,1628,1019,4402,3129,2412,3655,3547,3384
113,Epilepsy,R55,Syncope and collapse,Syncope and collapse,0.899211,0.024258,0.076531,R55,R29,G98,0.97,0.01,0.01,33506,873,915,925,2085,1664,962,3331,3197,2812,819,721,523,2058,1857,1438,3053,3213,3060
114,Disorders of the lens (cataract),H25-H28,Disorders of lens,Disorders of lens,0.65803,0.333321,0.008649,H26,H25,H27,0.67,0.30,0.01,627487,845,1017,1075,20518,16916,10671,101614,99324,94975,1217,915,764,15803,16298,17237,71504,75523,81271
115,Refractive disorders and strabismus,H50,Other strabismus,Other strabismus,0.832147,0.162952,0.004901,H50,H49,H51,0.80,0.14,0.04,22827,769,946,1174,1471,1310,924,1697,1745,1829,854,726,630,1142,1160,1181,1432,1684,2153
116,Refractive disorders and strabismus,H51,Other disorders of binocular movement,Other disorders of binocular movement,0.956196,0.042788,0.001016,H51,H50,H53,0.45,0.42,0.09,24213,943,1112,1292,1766,1498,1039,2054,2072,2094,702,660,520,1054,1075,1160,1304,1623,2245
117,Refractive disorders and strabismus,H52,Disorders of refraction and accommodation,Disorders of refraction and accommodation,0.998777,0.00121,0.000013,H52,Z00,H53,0.98,0.01,0.01,73279,3216,3488,4154,6719,5609,4083,5225,4960,5028,2384,1902,1812,4551,3963,4082,3648,3935,4520
118,Refractive disorders and strabismus,H53-H54,Visual disturbances and blindness,Visual disturbances and blindness,0.996947,0.003009,0.000044,H53,Z00,H52,0.99,0.00,0.00,7477,370,365,391,753,587,325,487,422,452,390,229,188,565,443,339,361,392,418
119,Eyelid disorders and ?red eye?,H02 Q82 D23,Other disorders of eyelid,Other disorders of eyelid,0.876038,0.118181,0.005781,H02,Q82,D23,0.75,0.08,0.08,78014,1159,1357,1815,5999,4899,3299,8373,8525,7707,900,844,784,2965,3501,3690,7115,7459,7623
120,Eyelid disorders and ?red eye?,H01,Other inflammation of eyelid,Other inflammation of eyelid,0.997785,0.002094,0.000121,H01,Z00,M35,1.00,0.00,0.00,59695,787,947,1332,3962,3252,2383,6964,6791,6867,1046,958,1006,2694,2780,3184,4566,4755,5421
121,Eyelid disorders and ?red eye?,H00,Hordeolum and chalazion,Hordeolum and chalazion,0.962231,0.037045,0.000725,H00,Z00,Z76,0.99,0.00,0.00,48030,1625,1886,2854,3412,3246,2709,2611,2319,2590,2997,2695,2770,2972,3383,4371,1505,1792,2293
122,Eyelid disorders and ?red eye?,H04 E05 H05,"Disorders of lacrimal system, Thyrotoxicosis [hyperthyroidism]","Disorders of lacrimal system, Thyrotoxicosis [hyperthyroidism]",0.913167,0.070779,0.016053,H04,E05,H05,0.62,0.11,0.11,37324,903,1064,1355,3256,2670,1913,4164,3978,3887,740,477,377,1416,1303,1222,2755,2941,2903
123,Eyelid disorders and ?red eye?,H11 H10 B34,Other disorders of conjunctiva,Other disorders of conjunctiva,0.950056,0.047722,0.002222,H11,H10,B34,0.49,0.29,0.09,55587,2150,2429,3679,4209,3983,3053,3450,3067,3157,2656,2212,1954,3408,3506,3393,2931,3095,3255
124,Eyelid disorders and ?red eye?,H04 M35 H19,"Disorders of lacrimal system, Other systemic involvement of connective tissue","Disorders of lacrimal system, Other systemic involvement of connective tissue",0.99864,0.00125,0.00011,H04,M35,H19,0.52,0.41,0.06,142184,3497,3812,5465,13750,11562,7967,18765,17254,16927,1945,1495,1520,5116,4735,4583,7728,7940,8123
125,Eyelid disorders and ?red eye?,H15,Disorders of sclera,Disorders of sclera,0.998885,0.000496,0.00062,H15,H10,Z00,1.00,0.00,0.00,5600,313,367,502,567,598,447,247,166,189,198,242,236,296,345,407,134,161,185
126,Eyelid disorders and ?red eye?,H16,Keratitis,Keratitis,0.98828,0.005034,0.006686,H16,T15,H18,0.52,0.20,0.16,93181,2783,3759,6057,5276,5136,4132,4042,3888,3686,7655,8299,5720,7119,8504,6100,3669,3834,3522
127,Eyelid disorders and ?red eye?,H18,Other disorders of cornea,Other disorders of cornea,0.938061,0.035001,0.026938,H18,H16,H17,0.77,0.12,0.06,45121,1109,1390,2170,2670,2525,2094,3961,3829,3741,1902,1740,1620,2120,2443,2798,2601,2768,3640
128,Eyelid disorders and ?red eye?,H20,Iridocyclitis,Iridocyclitis,0.99416,0.004326,0.001514,H20,B00,B02,0.93,0.02,0.01,22824,669,838,1171,1701,1619,1143,1608,1381,1409,1069,923,861,1476,1576,1706,1098,1224,1352
129,Eyelid disorders and ?red eye?,H30-H36,Disorders of choroid and retina,Disorders of choroid and retina,0.946023,0.019916,0.034061,D31,H30,H21,0.28,0.19,0.16,14738,350,442,612,1056,902,668,1355,1203,1157,517,460,411,811,872,911,857,1041,1113
130,Posterior chamber / retinal disorders,H30-H36,Disorders of choroid and retina,Disorders of choroid and retina,0.911843,0.07836,0.009797,H35,H33,H34,0.76,0.12,0.08,247560,1190,1497,2090,10320,9130,6549,32037,35506,30120,2303,2145,1922,8894,9899,12271,24510,26594,30583
131,Posterior chamber / retinal disorders,H40-H42,Glaucoma,Glaucoma,0.986272,0.012034,0.001694,H40,Z00,Z83,0.98,0.01,0.00,215041,2435,3440,4851,17046,15878,11946,20986,19265,20832,2368,2650,2693,9875,12576,14826,14580,17503,21291
132,Posterior chamber / retinal disorders,H43,Disorders of vitreous body,Disorders of vitreous body,0.97342,0.024413,0.002167,H43,Z00,T81,0.99,0.00,0.00,187049,1287,1730,2528,18661,16991,12737,20015,16025,17674,1368,1326,1347,6670,8869,12971,11381,15702,19767
134,Other eye disorders,H44.9,Unspecified disorder of globe,Unspecified disorder of globe,0.948839,0.022568,0.028592,S05,H44,H15,0.35,0.34,0.26,6602,258,225,392,428,379,328,317,287,289,482,447,381,485,456,523,293,299,333
135,Other eye disorders,H46-H48,Disorders of optic nerve and visual pathways,Disorders of optic nerve and visual pathways,0.991013,0.004824,0.004164,H47,G43,H57,0.38,0.26,0.10,69314,2430,2833,3489,5691,4815,3312,6051,5488,5807,1632,1466,1185,3630,3875,3912,4102,4536,5060
136,Other eye disorders,H49,Paralytic strabismus,Paralytic strabismus,0.865034,0.055722,0.079244,H49,H53,H51,0.32,0.29,0.16,7453,116,142,251,447,390,276,644,587,589,163,150,139,476,457,527,644,694,761
137,Other eye disorders,H53-H54,Visual disturbances and blindness,Visual disturbances and blindness,0.998424,0.001455,0.00012,H53,H52,H35,0.93,0.06,0.00,51358,1789,1906,2194,4394,3480,2164,4924,4613,4471,1263,1054,935,2600,2514,2537,3220,3515,3785
138,Hearing disorders / inner ear disorders,H80 H90 H74,"Otosclerosis, Conductive and sensorineural hearing loss","Otosclerosis, Conductive and sensorineural hearing loss",0.832725,0.060479,0.106796,H90,H80,H74,0.35,0.29,0.17,16481,637,867,1162,1767,1655,1094,826,705,722,581,597,543,929,1239,1211,565,702,679
139,Hearing disorders / inner ear disorders,H81 R42,Disorders of vestibular function,Disorders of vestibular function,0.915219,0.024141,0.06064,R42,H81,H83,0.49,0.47,0.02,125810,3872,4682,5465,12660,10410,6195,12204,10693,10546,2318,2439,2060,6580,7519,6258,6890,7522,7497
140,Hearing disorders / inner ear disorders,H90-H95,Other disorders of ear,Other disorders of ear,0.99545,0.002191,0.002359,H90,H91,H93,0.50,0.31,0.12,498048,7068,8903,11575,28378,24931,16858,43856,46036,40842,9019,8713,8190,26740,32819,34134,43283,51143,55560
142,Other disorders of the nervous system and sensory organs,G00-G09,Inflammatory diseases of the central nervous system,Inflammatory diseases of the central nervous system,0.482138,0.076961,0.4409,G03,Z03,A69,0.13,0.12,0.12,13292,464,551,739,845,691,517,817,695,674,723,635,533,932,983,896,814,856,927
143,Other disorders of the nervous system and sensory organs,G10-G13,Systemic atrophies primarily affecting the central nervous system,Systemic atrophies primarily affecting the central nervous system,0.858939,0.051119,0.089943,R26,G12,G11,0.33,0.31,0.16,7301,63,67,82,349,290,175,702,549,670,140,88,62,504,450,423,815,855,1017
144,Other disorders of the nervous system and sensory organs,G43,Migraine,Migraine,0.930111,0.024799,0.04509,G43,G44,G98,0.91,0.05,0.01,59749,5301,6193,7741,6505,6060,4313,1929,1426,1605,2586,2535,2084,2652,3029,3118,699,908,1065
145,Other disorders of the nervous system and sensory organs,G44,Other headache syndromes,Other headache syndromes,0.928403,0.01992,0.051677,R51,G44,G50,0.54,0.43,0.01,121154,8398,7759,7856,12686,9089,5215,8231,6598,6141,6398,4893,3622,8504,7353,5435,4614,4447,3915
146,Other disorders of the nervous system and sensory organs,G47,Sleep disorders,Sleep disorders,0.698115,0.128332,0.173553,G47,Z03,Z13,0.88,0.04,0.03,268244,7068,7648,8190,20193,17370,11113,7600,5617,6765,15196,16219,12474,28314,34710,32118,11584,13056,13009
147,Other disorders of the nervous system and sensory organs,G51 G52 H49,"Facial nerve disorders, Disorders of other cranial nerves","Facial nerve disorders, Disorders of other cranial nerves",0.915149,0.030431,0.05442,G51,G52,S04,0.67,0.12,0.05,14842,593,648,804,1259,991,683,938,829,797,703,546,437,1155,1130,999,831,771,728
148,Other disorders of the nervous system and sensory organs,G56 G57 G54,"Mononeuropathies of upper limb, Carpal tunnel syndrome","Mononeuropathies of upper limb, Carpal tunnel syndrome",0.930603,0.059938,0.009459,G56,G57,G54,0.72,0.11,0.05,247612,12449,12844,11395,32408,24685,12939,15965,14578,13168,7603,7098,4304,16656,17798,11956,10032,11348,10386
149,Other disorders of the nervous system and sensory organs,G50,Disorders of trigeminal nerve,Disorders of trigeminal nerve,0.950482,0.021222,0.028296,G50,S04,B02,0.93,0.04,0.01,9071,384,467,543,1037,872,584,754,628,575,196,186,183,423,473,497,395,406,468
150,Other disorders of the nervous system and sensory organs,G60-G64,Polyneuropathies and other disorders of the peripheral nervous system,Polyneuropathies and other disorders of the peripheral nervous system,0.939767,0.024742,0.035491,G62,E14,Z03,0.66,0.06,0.05,76537,1072,1111,1183,5262,4127,2469,7224,6538,6921,1152,894,699,5274,4977,4586,6923,7581,8544
151,Other disorders of the nervous system and sensory organs,G70-G73,Diseases of myoneural junction and muscle,Diseases of myoneural junction and muscle,0.909371,0.035487,0.055142,G70,G72,G71,0.24,0.16,0.11,19551,749,787,930,1603,1273,877,1058,830,955,878,795,664,1575,1707,1458,1072,1094,1246
153,Other disorders of the nervous system and sensory organs,G91 G93 G96,"Hydrocephalus, Other disorders of brain","Hydrocephalus, Other disorders of brain",0.736499,0.053345,0.210156,G91,G93,G96,0.13,0.13,0.07,28627,775,803,921,1759,1291,815,2847,2576,2412,777,576,402,1936,1456,1119,2879,2650,2633
154,Other disorders of the nervous system and sensory organs,E51 E53 E56,"Thiamine deficiency, Deficiency of other B group vitamins","Thiamine deficiency, Deficiency of other B group vitamins",0.757182,0.012466,0.230352,E51,E53,E56,0.40,0.32,0.24,1176,,61,54,122,71,,70,59,55,55,,,187,107,54,96,101,84
155,Other disorders of the nervous system and sensory organs,M31 M35,"Other necrotizing vasculopathies, Other systemic involvement of connective tissue","Other necrotizing vasculopathies, Other systemic involvement of connective tissue",0.821551,0.023336,0.155113,M31,M35,I67,0.60,0.36,0.01,982,,,,57,,,193,186,171,,,,,,,126,125,124
156,Other disorders of the nervous system and sensory organs,G95 Z03 G83,"Other and unspecified diseases of spinal cord, Other paralytic syndromes","Other and unspecified diseases of spinal cord, Other paralytic syndromes",0.773962,0.043458,0.18258,G95,Z03,G83,0.45,0.17,0.10,7394,251,296,337,560,503,318,495,399,468,274,223,179,571,551,419,500,513,537
157,Other disorders of the nervous system and sensory organs,I95 G90,"Hypotension, Disorders of autonomic nervous system","Hypotension, Disorders of autonomic nervous system",0.904716,0.053681,0.041603,I95,G90,R55,0.56,0.41,0.00,3551,100,111,166,198,163,115,340,303,270,83,96,72,178,203,152,300,348,353
158,Other disorders of the nervous system and sensory organs,M50-M54,Other dorsopathies,Other dorsopathies,0.863192,0.029204,0.107604,G95,M47,M50,0.54,0.21,0.18,10231,194,240,250,802,670,401,732,649,716,248,229,143,935,809,624,898,852,839
159,Hypertension,I10-I15,Hypertensive diseases,Hypertensive diseases,0.860033,0.044084,0.095883,I10,I15,I12,0.92,0.04,0.01,67697,1654,1979,2639,5423,4625,2927,6202,5391,5145,1540,1465,1170,4983,5178,5004,3863,4224,4285
161,Chest pain,I05-I09,Chronic rheumatic heart diseases,Chronic rheumatic heart diseases,0.018576,0.001548,0.979876,I08,I34,I35,0.40,0.18,0.15,1964,,,,69,,,256,178,230,,,,109,103,93,287,311,328
162,Chest pain,I20 I25 I24,"Angina pectoris, Chronic ischemic heart disease, Other acute ischemic heart diseases","Angina pectoris, Chronic ischemic heart disease, Other acute ischemic heart diseases",0.14103,0.15214,0.70683,I20,I25,I24,0.68,0.18,0.11,47342,218,164,148,2132,1512,781,4086,4061,3234,489,331,192,4176,3810,2923,6794,6569,5722
163,Chest pain,I21,STEMI & NSTEMI mocard infrc,STEMI & NSTEMI mocard infrc,0.060802,0.047123,0.892075,I21,I99,Z76,0.98,0.01,0.00,94468,385,327,235,3671,2604,1323,7685,8149,6299,1261,1043,596,9349,9291,7489,12000,12197,10564
164,Chest pain,I20.8 I20.9 R07.4,"Other forms of angina pectoris, Angina pectoris, unspecified","Other forms of angina pectoris, Angina pectoris, unspecified",0.646507,0.219326,0.134167,R07,I20,r07,0.70,0.24,0.02,630466,12197,11148,10864,55745,43919,25797,52727,47113,43538,16034,13192,10528,50852,50692,44452,46985,48999,45684
165,Chest pain,I26-I28,Pulmonary heart disease and diseases of pulmonary circulation,Pulmonary heart disease and diseases of pulmonary circulation,0.403909,0.032445,0.563646,I26,I27,I82,0.82,0.08,0.04,43584,1123,1246,1461,2686,2319,1553,4255,3872,3667,748,658,573,2491,2918,3121,3417,3856,3620
166,Chest pain,I50 I51 I42,"Heart failure, Complications and ill-defined descriptions of heart disease, Cardiomyopathy","Heart failure, Complications and ill-defined descriptions of heart disease, Cardiomyopathy",0.596047,0.060603,0.34335,I50,I51,I42,0.74,0.10,0.10,179577,1152,1318,1485,6218,4651,2627,21955,24462,17503,1721,1377,1163,9009,7623,6373,26798,23891,20251
167,Chest pain,I48,Atrial fibrillation and flutter,Atrial fibrillation and flutter,0.632139,0.1947,0.173161,I48,I99,Z76,0.98,0.01,0.00,230840,438,562,648,6220,5143,3045,27869,28864,24572,1284,1439,1405,9339,11655,13227,29298,31321,34511
168,Chest pain,I49 I45 I47,"Other cardiac arrhythmias, Other conduction disorders, Paroxysmal tachycardia","Other cardiac arrhythmias, Other conduction disorders, Paroxysmal tachycardia",0.673882,0.112933,0.213185,I49,I45,I47,0.47,0.22,0.15,349249,7055,8306,10155,22398,19307,12266,32245,31602,28665,5502,5675,5282,16397,18915,19921,32782,34991,37785
169,Chest pain,I35 I38 I34,"Nonrheumatic aortic valve disorders, Endocarditis, valve unspecified,","Nonrheumatic aortic valve disorders, Endocarditis, valve unspecified,",0.852694,0.066044,0.081262,I35,I34,I38,0.47,0.18,0.18,141607,1165,1460,1802,6068,4842,3038,19716,20191,17153,918,910,871,4552,5269,5270,15377,16170,16835
170,Chest pain,I31 I30,"Other diseases of pericardium, Acute pericarditis","Other diseases of pericardium, Acute pericarditis",0.455413,0.124423,0.420164,I31,I30,I01,0.61,0.33,0.01,13485,248,273,298,883,703,408,698,550,645,877,794,647,1193,1325,1170,891,929,953
171,Stroke,G45,Transient cerebral ischemic attacks and related syndromes,Transient cerebral ischemic attacks and related syndromes,0.46489,0.245212,0.289898,G45,Z03,I64,0.87,0.09,0.02,89355,559,549,600,4529,3302,1992,10249,10693,9579,525,531,425,4550,4948,4514,9710,10539,11561
172,Stroke,I60,Nontraumatic subarachnoid hemorrhage,Nontraumatic subarachnoid hemorrhage,0.444302,0.017414,0.538284,I60,S06,Z76,0.83,0.10,0.03,5770,126,115,147,686,560,346,559,427,453,137,95,75,373,380,306,340,318,327
173,Stroke,I61,Nontraumatic intracerebral hemorrhage,Nontraumatic intracerebral hemorrhage,0.165746,0.011826,0.822428,I61,S06,I62,0.85,0.06,0.04,16494,80,78,79,516,399,255,2277,2112,1901,149,92,67,773,586,520,2357,2102,2151
174,Stroke,I62,Other and unspecified nontraumatic intracranial hemorrhage,Other and unspecified nontraumatic intracranial hemorrhage,0.30775,0.010271,0.681979,S06,I62,Z76,0.58,0.39,0.01,11457,,50,65,249,214,147,1177,1341,1133,201,127,74,478,384,353,1816,1666,1982
176,Stroke,I64,"Stroke, not specified as haemorrhage or infarction","Stroke, not specified as haemorrhage or infarction",0.237546,0.039431,0.723023,I63,I64,I67,0.66,0.17,0.06,128692,768,764,700,5291,3532,1985,15461,17206,13388,878,719,410,7424,6301,4774,17378,16626,15087
177,Stroke,I65,"Occlusion and stenosis of precerebral arteries, not resulting in cerebral infarction","Occlusion and stenosis of precerebral arteries, not resulting in cerebral infarction",0.490635,0.007325,0.50204,I65,I77,I67,0.75,0.09,0.06,15694,,68,53,598,437,224,1457,1327,1238,,50,52,870,836,679,2629,2726,2450
178,Stroke,I67.1 I67.9,"Cerebral aneurysm, nonruptured, Cerebrovascular disease, unspecified","Cerebral aneurysm, nonruptured, Cerebrovascular disease, unspecified",0.670668,0.037267,0.292065,I67,I64,I69,0.34,0.24,0.05,31006,572,671,846,2303,1814,1103,2941,2705,2550,497,412,335,1799,1781,1527,3029,3055,3066
179,Stroke,I69,Sequelae of cerebrovascular disease,Sequelae of cerebrovascular disease,0.888396,0.032736,0.078868,I69,G93,T90,0.63,0.07,0.06,6869,86,101,102,431,328,157,636,548,546,125,63,,550,392,312,886,801,805
180,Stroke,S06,Intracranial injury,Intracranial injury,0.110452,0.002471,0.887077,I62,S06,D18,0.61,0.17,0.15,3173,,,,,,,246,268,246,,,,110,90,103,662,677,771
181,(Peripheral) arterial disease,I70-I79,"Diseases of arteries, arterioles and capillaries","Diseases of arteries, arterioles and capillaries",0.68072,0.048795,0.270485,I73,I71,I77,0.40,0.23,0.11,182418,1612,1784,1824,8852,6063,3335,16078,16197,14309,1593,1324,1000,13340,11760,8786,26095,26428,22038
182,Varicose veins,I83,Varicose veins of lower extremities,Varicose veins of lower extremities,0.840856,0.148328,0.010815,I83,I87,R60,0.76,0.16,0.05,204165,10980,15657,16886,27395,23552,14133,15119,12078,12859,3614,4325,3168,8063,9624,8294,5347,6449,6622
183,Other vascular disorders,I80,Phlebitis and thrombophlebitis,Phlebitis and thrombophlebitis,0.9531,0.019142,0.027758,I80,I87,R60,0.35,0.28,0.22,104496,2745,3402,3837,8065,6672,4086,10705,10170,8639,1650,1666,1164,6006,6250,5521,8096,8086,7736
184,Other vascular disorders,I82,Other venous embolism and thrombosis,Other venous embolism and thrombosis,0.906342,0.02552,0.068138,I80,I82,I81,0.53,0.41,0.04,5947,256,372,402,437,391,286,377,314,309,168,165,132,408,451,499,281,293,406
185,Other vascular disorders,I87,Other disorders of veins,Other disorders of veins,0.856664,0.075754,0.067582,I87,I89,I80,0.38,0.13,0.12,7056,231,296,312,542,437,287,591,573,480,198,170,106,488,512,385,495,500,453
186,Other vascular disorders,I89,Oth noninfective disorders of lymphatic vessels and nodes,Oth noninfective disorders of lymphatic vessels and nodes,0.940499,0.009981,0.04952,I89,R60,Q82,0.76,0.20,0.03,1857,64,106,121,189,156,115,170,181,162,,,,103,94,69,104,110,113
188,Other vascular disorders,I99,Other and unspecified disorders of circulatory system,Other and unspecified disorders of circulatory system,0.881955,0.04384,0.074206,I99,I51,I72,0.36,0.34,0.06,11582,140,181,225,610,526,344,1107,1115,935,183,194,144,660,784,801,1133,1172,1328
189,Upper respiratory tract and middle ear disorders,H60-H62,Diseases of external ear,Diseases of external ear,0.963381,0.02864,0.007978,H61,H60,T16,0.59,0.29,0.04,120782,3194,3777,4644,8707,7145,4559,9383,9556,8393,3834,3684,3406,6897,7647,7949,8516,9240,10251
190,Upper respiratory tract and middle ear disorders,H65-H75,Diseases of middle ear and mastoid,Diseases of middle ear and mastoid,0.707533,0.262003,0.030464,H66,H69,H65,0.51,0.16,0.14,141520,5977,7992,10425,12299,10201,6692,7654,6736,6449,6820,6987,6405,8256,9461,9158,6088,6866,7054
191,Upper respiratory tract and middle ear disorders,J00-J06,Acute upper respiratory infections,Acute upper respiratory infections,0.344313,0.467768,0.187919,J35,J03,J36,0.86,0.07,0.04,38578,4017,5413,7594,1454,1261,842,466,382,387,4104,4160,3943,1204,1188,970,320,425,448
192,Upper respiratory tract and middle ear disorders,J32,Chronic sinusitis,Chronic sinusitis,0.807952,0.109053,0.082995,J32,J33,J01,0.81,0.10,0.06,148970,6526,8356,10978,13205,11307,7634,6701,5249,5794,6187,7056,6358,9258,11406,12447,5641,6757,8110
193,Upper respiratory tract and middle ear disorders,J34,Other and unspecified disorders of nose and nasal sinuses,Other and unspecified disorders of nose and nasal sinuses,0.535768,0.243829,0.220404,J34,S03,S00,0.95,0.02,0.01,38061,1795,1952,2364,2208,1835,1175,690,595,583,4278,3786,3265,3195,3577,3541,947,1059,1216
194,Upper respiratory tract and middle ear disorders,J39.0 J39.2 J39.9,"Retropharyngeal and parapharyngeal abscess, Other diseases of pharynx, Disease of upper respiratory tract, unspecified","Retropharyngeal and parapharyngeal abscess, Other diseases of pharynx, Disease of upper respiratory tract, unspecified",0.497547,0.024207,0.478247,J39,I88,L02,0.38,0.26,0.26,1727,75,98,118,98,87,56,55,63,54,167,144,115,129,130,101,73,80,84
195,Upper respiratory tract and middle ear disorders,M95.0,Acquired deformity of nose,Acquired deformity of nose,0.591912,0.165493,0.242595,M95,J34,M96,0.74,0.17,0.03,7290,759,630,694,428,338,237,82,60,72,1093,680,587,513,453,404,81,90,89
196,Lower respiratory tract disorders,J09-J18,Influenza and pneumonia,Influenza and pneumonia,0.309501,0.022735,0.667764,J18,J15,J69,0.87,0.09,0.01,152216,2040,2350,2951,7381,5315,3001,15545,15820,11838,2557,2162,1636,8239,6736,4959,23724,20178,15784
197,Lower respiratory tract disorders,J20-J22,Other acute lower respiratory infections,Other acute lower respiratory infections,0.583206,0.025205,0.391589,J20,J21,J40,0.90,0.04,0.03,20081,510,575,618,1487,1030,507,2206,2246,1595,326,287,214,1096,932,596,2428,2047,1381
198,Lower respiratory tract disorders,J45 R05 J98,"Asthma, Cough, Other respiratory disorders","Asthma, Cough, Other respiratory disorders",0.893245,0.021079,0.085676,J45,J98,R05,0.87,0.06,0.05,104851,5191,5815,7368,10468,8794,5958,6918,5985,5932,4013,3688,3009,6439,6874,6650,3806,3922,4021
199,Lower respiratory tract disorders,J44 J43,"Other chronic obstructive pulmonary disease, Emphysema","Other chronic obstructive pulmonary disease, Emphysema",0.694821,0.019693,0.285486,J44,J43,J41,0.91,0.06,0.01,95019,612,391,200,7968,4670,1827,8924,8606,7772,828,388,179,8509,5548,2573,15481,12619,7924
200,Lower respiratory tract disorders,J47,Bronchiectasis,Bronchiectasis,0.804389,0.086514,0.109097,J47,R05,R06,0.98,0.01,0.00,8603,80,91,114,569,510,237,1034,907,917,107,76,60,434,413,305,927,905,917
201,Lower respiratory tract disorders,J80-J84,Other respiratory diseases principally affecting the interstitium,Other respiratory diseases principally affecting the interstitium,0.651559,0.126543,0.221898,J84,M35,J70,0.84,0.07,0.02,18282,258,240,272,1070,878,523,1694,1428,1377,320,224,158,1081,1086,716,2314,2508,2135
203,Lower respiratory tract disorders,J86,Pyothorax,Pyothorax,0.658995,0.005754,0.335251,J86,J90,Z76,0.70,0.22,0.01,1649,,,,114,89,,118,80,103,72,,,196,136,122,194,226,199
204,Lower respiratory tract disorders,J93,Pneumothorax and air leak,Pneumothorax and air leak,0.387895,0.008945,0.60316,J93,S27,T81,0.99,0.00,0.00,10036,215,255,301,448,383,225,491,492,430,964,682,451,690,618,478,1000,1019,894
205,Lower respiratory tract disorders,J94 J90 R09,"Other pleural conditions, Pleural effusion, not elsewhere classified, Oth symptoms and signs involving the circ and resp sys","Other pleural conditions, Pleural effusion, not elsewhere classified, Oth symptoms and signs involving the circ and resp sys",0.611287,0.045927,0.342786,J94,J90,R09,0.49,0.33,0.06,32618,263,312,394,1381,1180,791,3029,2645,2646,447,306,272,1741,1714,1282,4744,5285,4186
206,Lower respiratory tract disorders,J95-J99,Other diseases of the respiratory system,Other diseases of the respiratory system,0.538161,0.022334,0.439505,J98,J06,J39,0.39,0.17,0.08,12793,460,480,551,736,539,340,1238,1198,867,420,301,266,672,523,430,1457,1252,1063
207,"Mouth, esophagus, stomach and duodenum (peptic ulcers)",K00-K14,Diseases of oral cavity and salivary glands,Diseases of oral cavity and salivary glands,0.901949,0.077945,0.020107,K13,K11,Q38,0.33,0.23,0.16,36095,1395,1446,2015,3603,3055,1878,2483,1998,2105,1651,1365,1271,2313,2231,2285,1559,1691,1751
208,"Mouth, esophagus, stomach and duodenum (peptic ulcers)",K21 K30 K29,"Gastro-esophageal reflux disease, Functional dyspepsia, Gastritis and duodenitis","Gastro-esophageal reflux disease, Functional dyspepsia, Gastritis and duodenitis",0.607964,0.31981,0.072226,K21,K30,K29,0.33,0.18,0.12,184597,7896,7041,7394,20484,15500,9170,14618,11870,11717,7497,5420,4361,12431,10995,9763,9511,9665,9264
209,"Mouth, esophagus, stomach and duodenum (peptic ulcers)",K22 R13 T18,"Other diseases of esophagus, Aphagia and dysphagia, Foreign body in alimentary tract","Other diseases of esophagus, Aphagia and dysphagia, Foreign body in alimentary tract",0.539511,0.392698,0.067791,K22,R13,T18,0.72,0.13,0.05,38121,552,535,537,2457,1992,1130,3068,2583,2506,848,840,750,3077,3260,3081,3402,3845,3658
210,"Mouth, esophagus, stomach and duodenum (peptic ulcers)",K92,Other diseases of digestive system,Other diseases of digestive system,0.233165,0.099928,0.666907,K92,K28,K31,0.89,0.03,0.01,11293,153,111,104,382,298,153,1068,1117,892,411,162,96,877,564,380,1718,1482,1325
211,Acute abdomen (appendicitis),K35-K38,Diseases of appendix,Diseases of appendix,0.071653,0.01251,0.915838,K35,K37,K36,0.50,0.47,0.01,36106,2008,2576,3939,2612,2439,1709,1075,861,956,2594,2825,2735,1931,2373,2336,889,1072,1176
212,Acute abdomen (appendicitis),K55-K63,Other diseases of intestines,Other diseases of intestines,0.224963,0.038291,0.736746,K56,K55,K91,0.84,0.08,0.03,25408,450,415,474,1491,1141,641,2920,2893,2495,317,279,171,1327,1088,876,3122,2769,2539
213,Acute abdomen (appendicitis),K65-K67,Diseases of peritoneum,Diseases of peritoneum,0.276493,0.014581,0.708926,K65,R10,K63,0.51,0.35,0.05,11057,402,385,438,756,612,331,969,874,801,332,222,205,715,614,502,1055,995,849
214,Acquired abdominal wall hernias,K40-K46,Hernia,Hernia,0.307087,0.479087,0.213826,K40,K43,K42,0.56,0.15,0.14,178722,3083,3363,3967,6298,4508,2589,5266,4641,4259,6883,7616,5953,18310,21692,19299,17868,20537,22590
215,Acquired abdominal wall hernias,N43,Hydrocele and spermatocele,Hydrocele and spermatocele,0.691935,0.263413,0.044652,K40,N43,P83,0.86,0.12,0.01,1141,,,,,,,,,,99,102,65,134,161,139,152,145,144
216,Inflammatory bowel diseases,K50,Crohn's disease [regional enteritis],Crohn's disease [regional enteritis],0.364241,0.373924,0.261835,K50,Z76,R10,0.97,0.01,0.00,11812,827,1016,1209,1029,896,538,405,295,316,835,735,630,680,785,703,273,323,317
217,Inflammatory bowel diseases,K51,Ulcerative colitis,Ulcerative colitis,0.449411,0.420586,0.130004,K51,K52,Z76,0.91,0.07,0.01,22282,852,1304,1866,1748,1693,1211,860,762,795,1059,1240,1248,1271,1717,1808,803,1003,1042
218,Other intestinal diseases,A00-A09,Intestinal infectious diseases,Intestinal infectious diseases,0.323887,0.029571,0.646542,A09,A08,A04,0.71,0.12,0.07,20282,649,652,807,1300,828,461,2148,2537,1642,679,543,449,1033,778,693,1970,1724,1389
219,Other intestinal diseases,I84,Haemorrhoids,Haemorrhoids,0.8327,0.13523,0.03207,K64,K62,L98,0.90,0.03,0.02,111567,5506,6722,9417,9204,8340,5897,4675,3767,3900,6023,4982,4473,8289,8651,9459,3438,3985,4839
220,Other intestinal diseases,K52,Other and unsp noninfective gastroenteritis and colitis,Other and unsp noninfective gastroenteritis and colitis,0.439679,0.232693,0.327628,A09,K52,A04,0.46,0.31,0.06,30095,1180,1347,1516,2373,1757,1033,2656,2651,2316,1235,996,847,1648,1586,1236,1948,1924,1846
221,Other intestinal diseases,K61,Abscess of anal and rectal regions,Abscess of anal and rectal regions,0.367687,0.154836,0.477476,K61,K60,Z76,0.99,0.00,0.00,19595,693,819,1006,881,704,484,295,229,238,2490,1902,1385,2438,2164,1732,724,748,663
222,Other intestinal diseases,K58 K57 K59,"Irritable bowel syndrome, Diverticular disease of intestine, Other functional intestinal disorders","Irritable bowel syndrome, Diverticular disease of intestine, Other functional intestinal disorders",0.502972,0.354251,0.142777,K58,K59,K57,0.30,0.20,0.19,297479,12460,13736,16758,27522,22382,14334,24058,20836,20924,10311,8762,7765,16677,17169,17097,14415,15467,16806
223,Other intestinal diseases,R10,Abdominal and pelvic pain,Abdominal and pelvic pain,0.538837,0.355716,0.105447,R10,K31,K58,0.98,0.01,0.00,50710,2710,2660,2856,5562,4317,2627,4102,3349,3303,1602,1219,1028,3186,2688,2505,2450,2297,2249
224,Other intestinal diseases,K90,Intestinal malabsorption,Intestinal malabsorption,0.81826,0.161847,0.019893,K90,E66,K91,0.73,0.24,0.01,10308,1073,1137,1197,1352,1066,684,314,233,254,385,286,270,542,499,428,169,199,220
226,Other intestinal diseases,K92,Other diseases of digestive system,Other diseases of digestive system,0.436796,0.292618,0.270586,K92,D50,R10,0.52,0.12,0.11,148650,5102,5310,5798,11020,8405,5250,12893,12431,10914,4105,3271,2645,9162,7912,7192,13097,12420,11723
228,Other intestinal diseases,L05,Pilonidal cyst and sinus,Pilonidal cyst and sinus,0.395979,0.383936,0.220085,L05,K44,Z76,0.99,0.00,0.00,10940,418,488,552,186,164,106,54,,52,2576,2181,1673,784,723,540,139,172,132
229,Liver diseases,K70-K77,Diseases of liver,Diseases of liver,0.621401,0.096338,0.282261,K76,K74,K70,0.25,0.24,0.16,25622,595,579,704,2294,1726,1002,1826,1412,1420,968,619,499,2852,1950,1538,2022,1886,1730
230,"Biliary tract, gallbladder and pancreatic diseases",K80 K81 K83,"Cholelithiasis, Cholecystitis, Other diseases of biliary tract","Cholelithiasis, Cholecystitis, Other diseases of biliary tract",0.237027,0.117847,0.645126,K80,K81,K83,0.65,0.26,0.05,135934,7638,8840,9786,14683,11784,7350,9917,8817,7103,2646,2598,2435,6002,6925,6856,7865,7967,6722
231,"Biliary tract, gallbladder and pancreatic diseases",K85 K86 Z76,"Acute pancreatitis, Other diseases of pancreas, Persons encountering health services in other circumstances","Acute pancreatitis, Other diseases of pancreas, Persons encountering health services in other circumstances",0.288234,0.055563,0.656203,K85,K86,Z76,0.76,0.22,0.01,18512,473,488,453,1289,947,535,1398,1187,975,861,465,299,1977,1486,1141,1639,1597,1302
232,Kidney diseases (including dialysis),N00-N08,Glomerular diseases,Glomerular diseases,0.770065,0.033056,0.19688,N39,N05,N02,0.31,0.26,0.12,10314,335,365,430,744,645,359,620,457,484,345,281,259,865,817,619,945,929,815
233,Kidney diseases (including dialysis),N10-N16,Renal tubulo-interstitial diseases,Renal tubulo-interstitial diseases,0.489678,0.066746,0.443575,N13,N10,N39,0.57,0.17,0.05,22854,1005,1254,1452,1843,1434,823,1975,1659,1588,369,317,251,887,934,849,2033,2148,2033
234,Kidney diseases (including dialysis),N18 N19 Z49,"Chronic kidney disease (CKD), Unspecified kidney failure, Encounter for care involving renal dialysis","Chronic kidney disease (CKD), Unspecified kidney failure, Encounter for care involving renal dialysis",0.701896,0.157281,0.140822,N18,N19,Z49,0.70,0.10,0.09,92015,659,712,825,4442,3585,2084,10929,10647,8755,705,460,335,3792,3262,2707,13596,13128,11392
235,Kidney diseases (including dialysis),N17 Z76,"Acute kidney failure, Persons encountering health services in other circumstances","Acute kidney failure, Persons encountering health services in other circumstances",0.479018,0.013394,0.507588,N17,N19,N14,0.91,0.01,0.01,30398,203,219,208,1060,671,398,3464,3475,2763,452,230,157,1792,1235,885,5188,4324,3674
236,Kidney diseases (including dialysis),N25-N29,Other disorders of kidney and ureter,Other disorders of kidney and ureter,0.831839,0.076623,0.091538,N28,Z03,N19,0.65,0.05,0.03,26064,637,681,744,2000,1558,885,1988,1583,1603,592,462,412,1889,1716,1524,2637,2654,2499
237,Urinary tract diseases,N10-N16,Renal tubulo-interstitial diseases,Renal tubulo-interstitial diseases,0.466588,0.150449,0.382962,N13,N39,Q62,0.80,0.11,0.04,1745,,65,108,123,111,74,171,105,142,,,,90,85,94,155,210,212
238,Urinary tract diseases,N25-N29,Other disorders of kidney and ureter,Other disorders of kidney and ureter,0.625882,0.12127,0.252849,N28,S37,N39,0.53,0.18,0.15,2560,107,101,138,245,187,122,213,155,155,59,,,149,125,140,195,240,229
239,Urinary tract diseases,N39 N30 N31,"Other disorders of urinary system, Cystitis, Neuromuscular dysfunction of bladder, NEC","Other disorders of urinary system, Cystitis, Neuromuscular dysfunction of bladder, NEC",0.791428,0.051077,0.157495,N39,N30,N31,0.46,0.23,0.10,190994,6652,7034,7867,16806,13174,7489,21255,20190,17948,2440,1780,1540,6919,5948,5505,16548,15746,16153
240,Urinary tract diseases,N35 N36 N99,"Urethral stricture, Other disorders of urethra, Intraop and postproc comp and disorders of GU sys, NEC","Urethral stricture, Other disorders of urethra, Intraop and postproc comp and disorders of GU sys, NEC",0.637625,0.116114,0.246261,N35,N36,N34,0.66,0.16,0.06,20858,164,230,283,800,656,385,905,730,764,930,945,889,1561,1496,1607,2829,2746,2938
241,Urinary tract stones,N20,Calculus of kidney and ureter,Calculus of kidney and ureter,0.59257,0.078791,0.328639,N20,Z03,R10,0.91,0.04,0.02,74661,2583,2687,2525,5021,3835,2209,2698,2164,1979,4943,4343,3276,7549,8662,7908,3690,4251,4338
242,Urinary tract stones,N21 T19 R31,"Calculus of lower urinary tract, Foreign body in genitourinary tract, Hematuria","Calculus of lower urinary tract, Foreign body in genitourinary tract, Hematuria",0.39533,0.100467,0.504203,N21,T19,R31,0.79,0.11,0.05,5588,52,,,132,87,57,184,194,149,111,69,56,354,349,329,1140,1101,1224
243,Disorders of the male genital organs,I86.1,Scrotal varices,Scrotal varices,0.733383,0.231587,0.03503,I86,R52,Z31,0.99,0.01,0.00,3406,,,,,,,,,,638,716,709,324,366,351,100,96,106
244,Disorders of the male genital organs,N41,Inflammatory diseases of prostate,Inflammatory diseases of prostate,0.858887,0.021662,0.119451,N41,N39,N50,0.93,0.03,0.01,22639,,,,,,,,,,921,967,927,2608,3296,4076,2747,3311,3786
245,Disorders of the male genital organs,N42,Other and unspecified disorders of prostate,Other and unspecified disorders of prostate,0.850976,0.046453,0.102571,N42,N50,D29,0.81,0.09,0.05,8679,,,,,,,,,,190,151,192,713,941,1233,1406,1671,2182
246,Disorders of the male genital organs,N43,Hydrocele and spermatocele,Hydrocele and spermatocele,0.573506,0.350685,0.07581,N43,N50,Z76,0.95,0.03,0.00,20360,,,,,,,,,,1168,1432,1361,2688,3362,3238,2211,2569,2331
248,Disorders of the male genital organs,N45,Orchitis and epididymitis,Orchitis and epididymitis,0.885535,0.067051,0.047414,N50,R52,D29,0.42,0.35,0.08,15541,,,,,,,,,,2243,2314,2197,1952,2193,2273,728,801,840
249,Disorders of the male genital organs,N47,Disorders of prepuce,Disorders of prepuce,0.690706,0.289397,0.019898,N47,N48,Q55,0.79,0.13,0.07,24724,,,,,,,,,,2571,2743,2484,2252,2778,2847,2849,3041,3159
250,Disorders of the male genital organs,N48,Other disorders of penis,Other disorders of penis,0.904695,0.055906,0.039398,N48,F52,D29,0.60,0.32,0.03,38916,,,,,,,,,,3488,2474,2163,6707,6286,6384,3455,3728,4231
251,Disorders of the male genital organs,N50,Other and unspecified disorders of male genital organs,Other and unspecified disorders of male genital organs,0.884305,0.028846,0.086849,N45,N49,N39,0.95,0.04,0.01,17304,,,,,,,,,,2086,2170,1774,2248,2329,2057,1626,1556,1458
252,Disorders of the female genital organs,N73 N70 N71,"Other female pelvic inflammatory diseases, Salpingitis and oophoritis, Inflammatory disease of uterus, except cervix","Other female pelvic inflammatory diseases, Salpingitis and oophoritis, Inflammatory disease of uterus, except cervix",0.658121,0.028314,0.313565,N73,N70,R10,0.64,0.12,0.06,6219,1612,1468,1621,564,509,392,53,,,,,,,,,,,
253,Disorders of the female genital organs,N89 N90 L90,"Other noninflammatory disorders of vagina, Other noninflammatory disorders of vulva and perineum, Atrophic disorders of skin","Other noninflammatory disorders of vagina, Other noninflammatory disorders of vulva and perineum, Atrophic disorders of skin",0.892966,0.082231,0.024803,N89,N90,L90,0.21,0.17,0.14,86180,7692,9483,13825,13572,11943,8429,7863,6629,6744,,,,,,,,,
254,Disorders of the female genital organs,N80,Endometriosis,Endometriosis,0.748724,0.097474,0.153803,N80,N94,N92,0.90,0.06,0.01,17102,3047,4335,6508,985,1096,1131,,,,,,,,,,,,
255,Disorders of the female genital organs,N81,Female genital prolapse,Female genital prolapse,0.733694,0.034229,0.232077,N81,N39,R32,0.78,0.11,0.05,98164,4461,5517,6802,17783,14010,6763,16722,13501,12605,,,,,,,,,
256,Disorders of the female genital organs,N83,"Noninflammatory disord of ovary, fallop and broad ligament","Noninflammatory disord of ovary, fallop and broad ligament",0.646988,0.104304,0.248708,N83,D27,D28,0.46,0.31,0.15,51701,6556,7474,9554,7288,6527,4911,3473,2955,2963,,,,,,,,,
258,Disorders of the female genital organs,N89,Other noninflammatory disorders of vagina,Other noninflammatory disorders of vagina,0.984623,0.009777,0.005599,N89,B37,N76,0.68,0.14,0.08,17956,3375,3534,4566,1836,1583,1279,617,563,603,,,,,,,,,
259,Disorders of the female genital organs,N92,"Excessive, frequent and irregular menstruation","Excessive, frequent and irregular menstruation",0.805571,0.136384,0.058045,N92,N94,N95,0.48,0.23,0.15,249810,33300,37533,45404,43712,39688,27649,8613,6978,6933,,,,,,,,,
260,Disorders of the female genital organs,N94.30 N94.9,"Premenstrual tension syndrome, Unsp cond assoc w female genital organs and menstrual cycle","Premenstrual tension syndrome, Unsp cond assoc w female genital organs and menstrual cycle",0.980804,0.012677,0.006519,N94,N95,G43,0.97,0.02,0.00,2025,447,571,604,125,147,131,,,,,,,,,,,,
261,Disorders of the female genital organs,N95,Menopausal and other perimenopausal disorders,Menopausal and other perimenopausal disorders,0.992774,0.004881,0.002345,N95,R23,N92,0.71,0.13,0.07,17910,680,871,1057,4649,4508,4191,738,573,643,,,,,,,,,
262,"Fertility care, pregnancy, childbirth and postnatal care",N46,Male infertility,Male infertility,0.849581,0.135333,0.015086,N46,Z31,Z76,0.61,0.14,0.10,7923,,,,,,,,,,2086,2301,2375,401,347,413,,,
263,Eczema,L20,Atopic dermatitis,Atopic dermatitis,0.987246,0.008397,0.004357,L20,L30,L98,0.96,0.03,0.00,40060,2751,3584,5396,3045,2853,2230,1348,1181,1276,2451,2224,2195,1790,2051,2287,924,1063,1411
264,Eczema,L23 L25,"Allergic contact dermatitis, Unspecified contact dermatitis,","Allergic contact dermatitis, Unspecified contact dermatitis,",0.970232,0.028954,0.000814,L23,L25,L24,0.69,0.26,0.02,27149,1546,2052,2917,3270,3078,2316,1642,1314,1497,739,806,629,1020,1213,1102,558,667,783
265,Eczema,L21,Seborrheic dermatitis,Seborrheic dermatitis,0.998703,0.001015,0.000282,L21,Z76,L98,0.99,0.00,0.00,31560,1168,1362,2107,2002,1748,1362,1840,1563,1682,1882,1569,1739,1696,1855,2496,1563,1754,2172
266,Eczema,L30,Other and unspecified dermatitis,Other and unspecified dermatitis,0.996306,0.002562,0.001132,L30,L24,I83,0.88,0.04,0.03,145222,5123,6302,8277,11174,9864,6512,10147,9336,9137,4911,4734,4055,8476,9080,9161,8453,9551,10929
267,Eczema,L27,Dermatitis due to substances taken internally,Dermatitis due to substances taken internally,0.952406,0.034061,0.013534,L27,T88,L51,0.82,0.03,0.02,11461,259,294,405,829,712,487,1082,896,1036,176,171,122,554,646,582,925,1116,1169
268,Eczema,L29 L28,"Pruritus, Lichen simplex chronicus and prurigo","Pruritus, Lichen simplex chronicus and prurigo",0.995579,0.003184,0.001236,L28,L29,O99,0.49,0.47,0.01,35080,1439,1411,1606,3062,2290,1460,2836,2697,2289,1205,759,552,2494,1960,1631,2650,2388,2351
269,Chronic skin ulcers and pressure ulcers,L80-L99,Other disorders of the skin and subcutaneous tissue,Other disorders of the skin and subcutaneous tissue,0.916936,0.021944,0.06112,L97,I83,L89,0.55,0.20,0.16,34717,209,196,195,1160,835,426,5691,6410,4709,451,303,134,1965,1286,767,3850,3084,3046
270,Other skin disorders,L02,"Cutaneous abscess, furuncle and carbuncle","Cutaneous abscess, furuncle and carbuncle",0.636714,0.065269,0.298017,L02,M79,M71,0.53,0.15,0.10,21717,1181,1223,1434,1480,1162,786,992,925,796,1774,1148,801,1973,1542,1206,1201,1095,998
271,Other skin disorders,L03,Cellulitis and acute lymphangitis,Cellulitis and acute lymphangitis,0.696642,0.019497,0.283861,L03,M65,L08,0.90,0.09,0.00,8468,300,316,357,745,534,348,472,450,347,508,442,284,804,800,517,384,424,436
272,Other skin disorders,L08,Other local infections of skin and subcutaneous tissue,Other local infections of skin and subcutaneous tissue,0.621389,0.041406,0.337205,L08,A46,L03,0.36,0.20,0.17,75083,2749,2879,3308,4803,3837,2371,5165,5436,4254,3936,3033,2244,5887,5303,4188,5716,5136,4838
273,Other skin disorders,L10-L14,Bullous disorders,Bullous disorders,0.994636,0.002429,0.002935,L98,L30,L43,0.15,0.10,0.09,72768,2811,3510,4584,6617,6048,3997,5313,4551,4621,2464,2514,2290,3521,4276,4644,3167,3555,4285
274,Other skin disorders,L40-L45,Papulosquamous disorders,Papulosquamous disorders,0.977262,0.021383,0.001354,L40,L43,L41,0.90,0.03,0.02,75249,2604,3383,4312,6072,5221,3296,4148,3633,3597,3922,4164,3567,5297,5762,5889,2991,3546,3845
275,Other skin disorders,L70 L71 L73,"Acne, Rosacea, Other follicular disorders","Acne, Rosacea, Other follicular disorders",0.996132,0.002696,0.001172,L70,L71,L73,0.61,0.27,0.09,76856,7990,9153,13093,5833,5355,4359,2333,1834,2101,4166,3046,2974,2669,2946,3430,1450,1837,2287
276,Other skin disorders,L64 L60 L65,"Androgenic alopecia, Nail disorders, Other nonscarring hair loss","Androgenic alopecia, Nail disorders, Other nonscarring hair loss",0.999736,0.000215,0.000049,L60,L64,L63,0.19,0.19,0.18,51487,4726,4804,6346,5492,4933,3870,2924,2236,2753,2861,1957,1926,1497,1394,1635,590,659,884
277,Other skin disorders,L80-L99,Other disorders of the skin and subcutaneous tissue,Other disorders of the skin and subcutaneous tissue,0.996516,0.001006,0.002478,L81,L80,L30,0.73,0.21,0.01,39731,2925,3174,4594,4329,4193,3287,1958,1631,1920,1412,1294,1424,1434,1525,2215,610,771,1035
279,Inflammatory polyarthropathies (rheumatic diseases),M13 M06 M05,"Other arthritis, Other rheumatoid arthritis, Rheumatoid arthritis with rheumatoid factor","Other arthritis, Other rheumatoid arthritis, Rheumatoid arthritis with rheumatoid factor",0.890043,0.037492,0.072465,M13,M06,M05,0.63,0.22,0.07,73383,2124,2521,2684,7092,5927,3501,5859,5119,4790,1917,2137,1682,4792,5515,4226,4449,4790,4258
280,Inflammatory polyarthropathies (rheumatic diseases),M77,Other enthesopathies,Other enthesopathies,0.669617,0.296931,0.033452,M77,M76,M24,0.87,0.04,0.02,7164,280,421,657,476,487,437,103,82,100,592,778,901,339,531,703,65,91,121
281,Inflammatory polyarthropathies (rheumatic diseases),M12 M21 M79,"Other and unspecified arthropathy, Other acquired deformities of limbs, Oth and unsp soft tissue disorders, not elsewhere classified","Other and unspecified arthropathy, Other acquired deformities of limbs, Oth and unsp soft tissue disorders, not elsewhere classified",0.846816,0.056003,0.097182,M12,M21,M79,0.58,0.28,0.10,3748,126,168,168,438,344,227,373,308,351,57,80,61,198,251,166,140,171,121
282,Inflammatory polyarthropathies (rheumatic diseases),M10 M11,"Gout, Other crystal arthropathies","Gout, Other crystal arthropathies",0.955609,0.002271,0.04212,M10,M11,Z76,0.89,0.10,0.00,37898,64,,,684,485,251,2617,2550,2061,963,993,811,3803,3969,3418,5378,5293,4558
283,Inflammatory polyarthropathies (rheumatic diseases),L40 M07,"Psoriasis, Enteropathic arthropathies","Psoriasis, Enteropathic arthropathies",0.982755,0.008588,0.008657,L40,M07,M13,0.78,0.19,0.02,9349,349,456,489,938,810,491,302,249,268,464,610,499,730,959,908,239,273,315
284,Osteoarthritis,M16 M19 M18,"Osteoarthritis of hip, Other and unspecified osteoarthritis, Osteoarthritis of first carpometacarpal joint","Osteoarthritis of hip, Other and unspecified osteoarthritis, Osteoarthritis of first carpometacarpal joint",0.654439,0.035124,0.310437,M16,M19,M18,0.50,0.45,0.02,265747,2529,3128,3431,23813,19710,11616,34798,31229,32233,2920,3229,2640,12622,15290,13541,15667,17934,19417
285,Osteoarthritis,M17,Osteoarthritis of knee,Osteoarthritis of knee,0.736348,0.040858,0.222793,M17,M19,M25,0.98,0.00,0.00,296330,2196,2492,2738,28226,23526,13772,34941,29699,29056,2751,3362,2756,16936,23767,21581,17164,20320,21047
286,Osteoarthritis,M15,Polyosteoarthritis,Polyosteoarthritis,0.995325,0.003749,0.000926,M15,M19,Z76,0.98,0.02,0.00,34075,239,245,169,6132,4434,2088,4839,3749,3825,90,104,57,1630,1681,1124,1167,1248,1254
287,Degenerative disorders of the spine (hernia),M45-M49,Spondylopathies,Spondylopathies,0.894114,0.0095,0.096386,M48,M47,M51,0.37,0.36,0.05,148247,2720,3042,3211,12247,9150,4717,16363,14682,14081,2783,2684,1962,9790,9538,6895,11026,11659,11697
288,Degenerative disorders of the spine (hernia),M50-M54,Other dorsopathies,Other dorsopathies,0.895199,0.014602,0.090199,M54,M51,M50,0.69,0.18,0.04,428931,20704,22194,23394,44289,35682,20350,22134,17838,18166,20250,19918,14412,34687,37717,29314,14588,16300,16994
289,Degenerative disorders of the spine (hernia),M96.1 M96.9,"Postlaminectomy syndrome, not elsewhere classified,","Postlaminectomy syndrome, not elsewhere classified,",0.892814,0.007168,0.100017,M96,T84,Z00,0.91,0.06,0.01,8128,296,323,255,1020,683,296,506,401,414,325,261,112,990,781,379,393,353,340
290,Osteoporosis,M81 M85 Z03,"Osteoporosis without current pathological fracture, Other disorders of bone density and structure, Encntr for medical obs for susp diseases and cond ruled out","Osteoporosis without current pathological fracture, Other disorders of bone density and structure, Encntr for medical obs for susp diseases and cond ruled out",0.964443,0.020494,0.015064,M81,M85,Z03,0.72,0.13,0.10,81394,475,542,682,9249,7833,4739,13660,11901,12112,311,299,194,2766,2854,2422,3581,3840,3934
291,Osteoporosis,M80,Osteoporosis with current pathological fracture,Osteoporosis with current pathological fracture,0.93235,0.007902,0.059748,M80,M48,M54,0.96,0.02,0.00,8025,,,,373,253,113,1807,1900,1505,,,,140,127,100,578,575,554
292,Internal derangement of the knee,S83 M23 S89,"Dislocation and sprain of joints and ligaments of knee, Internal derangement of knee, Other and unspecified injuries of lower leg","Dislocation and sprain of joints and ligaments of knee, Internal derangement of knee, Other and unspecified injuries of lower leg",0.483183,0.436342,0.080475,S83,M23,S89,0.50,0.40,0.09,241218,6927,9190,13019,22292,21162,14299,6129,4388,5009,14934,19485,17264,17773,27454,27088,3639,5216,5950
293,Internal derangement of the knee,M22 M25 M67,"Disorder of patella, Other joint disorder, not elsewhere classified, Other disorders of synovium and tendon","Disorder of patella, Other joint disorder, not elsewhere classified, Other disorders of synovium and tendon",0.932951,0.049485,0.017564,M22,M25,M67,0.76,0.20,0.01,48301,3584,3888,4824,4690,3930,2571,1150,994,935,3570,3750,3251,2851,3155,2874,674,781,829
294,Soft tissue rheumatism,J95-J99,Other diseases of the respiratory system,Other diseases of the respiratory system,0.856022,0.062777,0.081201,M35,M34,J84,0.55,0.17,0.11,1863,67,76,75,246,199,107,214,132,160,,,,109,128,82,76,106,86
295,Soft tissue rheumatism,M35 M31 M32,"Other systemic involvement of connective tissue, Other necrotizing vasculopathies, Systemic lupus erythematosus (SLE)","Other systemic involvement of connective tissue, Other necrotizing vasculopathies, Systemic lupus erythematosus (SLE)",0.904187,0.01866,0.077153,M35,M31,I77,0.59,0.17,0.06,43269,1502,1617,1692,3417,2910,1856,5145,4231,4585,525,443,344,1504,1850,1609,2997,3531,3511
296,Soft tissue rheumatism,M34 L94,"Systemic sclerosis [scleroderma], Other localized connective tissue disorders","Systemic sclerosis [scleroderma], Other localized connective tissue disorders",0.796186,0.052443,0.151371,M34,L94,M35,0.89,0.09,0.00,1267,,64,70,185,161,101,150,95,134,,,,79,73,,50,54,51
297,Soft tissue rheumatism,M65 M77 M70,"Synovitis and tenosynovitis, Other enthesopathies, Soft tissue disorders related to use, overuse and pressure","Synovitis and tenosynovitis, Other enthesopathies, Soft tissue disorders related to use, overuse and pressure",0.879004,0.109922,0.011074,M65,M77,M70,0.68,0.17,0.08,49918,1830,1988,1961,7849,6147,2954,3647,3048,2761,1074,1018,630,2973,3303,2307,1891,2381,2156
298,Soft tissue rheumatism,M67,Other disorders of synovium and tendon,Other disorders of synovium and tendon,0.724648,0.263176,0.012176,M67,S60,M70,0.99,0.00,0.00,3177,272,324,326,382,283,184,118,80,90,184,181,110,141,204,124,52,58,64
299,Soft tissue rheumatism,M75 M70 M71,"Shoulder lesions, Soft tissue disorders related to use, overuse and pressure, Other bursopathies","Shoulder lesions, Soft tissue disorders related to use, overuse and pressure, Other bursopathies",0.853213,0.053789,0.092998,M75,M70,M71,0.76,0.15,0.04,272500,7063,8475,8716,32179,27762,16073,17694,14367,14258,6450,6928,5497,21252,25951,21190,11892,13635,13118
300,Soft tissue rheumatism,M77 M76 S76,"Other enthesopathies, Enthesopathies, lower limb, excluding foot, Injury of muscle, fascia and tendon at hip and thigh level","Other enthesopathies, Enthesopathies, lower limb, excluding foot, Injury of muscle, fascia and tendon at hip and thigh level",0.929858,0.05566,0.014482,M77,M76,M67,0.66,0.19,0.05,106592,4325,5248,6204,14076,12214,7106,4599,3488,3703,4250,4976,4525,6930,8552,8064,2238,2755,3339
301,Soft tissue rheumatism,M79,"Oth and unsp soft tissue disorders, not elsewhere classified","Oth and unsp soft tissue disorders, not elsewhere classified",0.999058,0.000591,0.00035,M79,M25,Z03,0.99,0.01,0.00,29876,5125,4530,3045,7148,4713,1970,574,325,316,482,334,127,618,407,162,,,
302,Other musculoskeletal disorders,M00-M03,Infectious arthropathies,Infectious arthropathies,0.729494,0.0098,0.260706,M02,M00,A69,0.44,0.25,0.11,5310,187,237,313,309,301,205,318,280,269,268,254,231,353,387,370,352,362,314
303,Other musculoskeletal disorders,M25 M79 M72,"Other joint disorder, not elsewhere classified, Oth and unsp soft tissue disorders, not elsewhere classified, Fibroblastic disorders","Other joint disorder, not elsewhere classified, Oth and unsp soft tissue disorders, not elsewhere classified, Fibroblastic disorders",0.902905,0.043163,0.053932,M25,M79,M24,0.68,0.19,0.04,155619,10779,11992,12752,20052,16324,9675,5839,4732,4716,7720,7488,6369,9113,9988,8005,3175,3393,3507
305,Other musculoskeletal disorders,M20,Acquired deformities of fingers and toes,Acquired deformities of fingers and toes,0.549738,0.270225,0.180037,M20,M19,M79,0.99,0.00,0.00,58592,2295,3016,3904,7381,7161,4904,5783,4809,5655,939,914,767,1894,2255,1967,1451,1591,1906
306,Other musculoskeletal disorders,M40-M43,Deforming dorsopathies,Deforming dorsopathies,0.926271,0.003874,0.069855,M41,M43,M40,0.59,0.27,0.08,19773,960,1061,1138,2184,1838,1016,1760,1449,1595,790,698,509,1072,1083,805,522,584,709
309,Other musculoskeletal disorders,M86,Osteomyelitis,Osteomyelitis,0.550626,0.040009,0.409365,M86,T84,M13,0.68,0.13,0.09,6079,56,,,239,178,107,548,633,456,170,106,65,602,433,280,871,683,652
310,Other musculoskeletal disorders,M87,Osteonecrosis,Osteonecrosis,0.627541,0.021629,0.350829,M87,M92,M16,0.78,0.13,0.05,4404,124,119,127,378,329,201,353,341,306,209,160,95,431,372,294,184,189,192
312,Other musculoskeletal disorders,M89.0 M89.4 M89.9,"Algoneurodystrophy, Other hypertrophic osteoarthropathy, Disorder of bone, unspecified","Algoneurodystrophy, Other hypertrophic osteoarthropathy, Disorder of bone, unspecified",0.736642,0.192932,0.070426,M89,G57,E14,0.64,0.07,0.07,15307,576,719,734,1952,1633,913,997,787,791,448,491,378,947,1154,1049,534,570,634
314,Other musculoskeletal disorders,M91-M94,Chondropathies,Chondropathies,0.739208,0.197877,0.062915,M93,M92,M24,0.48,0.22,0.12,9481,415,536,784,645,574,396,146,133,112,916,1074,989,670,838,814,118,143,178
316,Other musculoskeletal disorders,T79 Bep,Certain early complications of trauma,Certain early complications of trauma,0.774975,0.170594,0.054431,M62,T79,M70,0.66,0.30,0.02,1070,55,64,143,90,69,50,,,,91,90,138,51,108,121,,,
317,Other musculoskeletal disorders,M19 M89 M84,"Other and unspecified osteoarthritis, Other disorders of bone, Disorder of continuity of bone","Other and unspecified osteoarthritis, Other disorders of bone, Disorder of continuity of bone",0.854381,0.069859,0.07576,M19,M89,M84,0.34,0.11,0.08,55746,2296,2681,3446,4753,3962,2937,2980,2730,2776,3831,3588,3125,3830,4167,3814,1485,1622,1723
318,Other musculoskeletal disorders,F07 T94 T98,"Personality & behavrl disorders due to known physiol cond, ,","Personality & behavrl disorders due to known physiol cond, ,",0.974072,0.00597,0.019958,F07,T94,T98,0.51,0.23,0.09,10582,661,696,936,889,834,668,481,421,399,826,552,425,807,674,588,265,229,231
323,Allergies,H10-H13,Disorders of conjunctiva,Disorders of conjunctiva,0.998559,0.001278,0.000164,H10,H16,Z00,0.99,0.00,0.00,14716,768,989,1582,1321,1227,968,951,823,949,645,572,556,671,640,671,398,454,531
324,Allergies,J30,Vasomotor and allergic rhinitis,Vasomotor and allergic rhinitis,0.908009,0.072508,0.019483,J30,J31,J34,0.49,0.23,0.10,97595,5625,6918,9326,7744,6626,4934,3005,2522,2963,6131,6161,6002,5517,6588,7395,2797,3327,4014
326,Allergies,J40-J47,Chronic lower respiratory diseases,Chronic lower respiratory diseases,0.924952,0.074679,0.000369,T78,J45,J30,0.47,0.40,0.10,4444,450,601,885,372,349,326,55,,51,273,254,310,125,160,233,,,
329,Allergies,L20-L30,Dermatitis and eczema,Dermatitis and eczema,0.963056,0.036805,0.000139,T78,L23,L30,0.24,0.20,0.17,3496,249,296,472,361,372,293,189,147,178,98,102,103,106,120,144,68,86,112
330,Allergies,L50-L54,Urticaria and erythema,Urticaria and erythema,0.983223,0.015711,0.001066,L50,T78,Z76,0.88,0.09,0.01,23817,1807,2197,2937,2347,1977,1461,1017,842,987,1006,930,819,1095,1213,1169,581,651,781
331,Allergies,T51-T65,Toxic effects of substances chiefly nonmedicinal as to source,Toxic effects of substances chiefly nonmedicinal as to source,0.835541,0.162631,0.001827,T63,T78,L23,0.49,0.31,0.07,1207,53,55,104,120,130,103,,,51,59,67,56,80,120,129,,,80
332,Allergies,T66-T78,Other and unspecified effects of external causes,Other and unspecified effects of external causes,0.831228,0.078392,0.090379,T78,Z13,L50,0.66,0.13,0.10,38773,2507,2981,4209,3940,3454,2654,1923,1535,1787,1716,1444,1329,1906,1995,1944,1016,1147,1286
333,Allergies,T80-T88,"Complications of surgical and medical care, not elsewhere classified","Complications of surgical and medical care, not elsewhere classified",0.66507,0.186474,0.148456,T88,T78,L27,0.47,0.28,0.11,6947,325,376,510,773,631,422,549,458,491,138,137,116,361,362,316,319,321,342
335,Injury,S02,Fracture of skull and facial bones,Fracture of skull and facial bones,0.809687,0.020994,0.169318,S02,S09,S06,0.86,0.06,0.02,11021,272,273,342,458,462,304,703,854,679,1183,660,572,871,760,665,690,638,635
338,Injury,S06,Intracranial injury,Intracranial injury,0.780725,0.02565,0.193625,S06,S09,S00,0.81,0.14,0.02,82237,1836,1781,2356,3886,3424,2403,7526,9690,7550,4068,2663,1958,5249,4252,3668,6750,6612,6565
339,Injury,S09,Other and unspecified injuries of head,Other and unspecified injuries of head,0.872966,0.053168,0.073865,S09,S02,S00,0.59,0.13,0.10,60780,1674,1588,2049,2725,2363,1826,5415,6976,5491,3772,2286,1876,3593,2927,2572,4788,4331,4528
340,Injury,S10-S19,Injuries to the neck,Injuries to the neck,0.90192,0.023055,0.075026,S13,T91,Q31,0.37,0.30,0.06,9702,772,783,957,734,664,469,261,211,210,958,619,461,767,600,445,308,240,243
341,Injury,S20-S29,Injuries to the thorax,Injuries to the thorax,0.534574,0.011718,0.453708,S22,S27,J93,0.76,0.13,0.03,27091,334,329,411,1253,989,721,1651,1886,1513,1279,963,691,2708,2853,2575,2294,2373,2268
342,Injury,S32,Fracture of lumbar spine and pelvis,Fracture of lumbar spine and pelvis,0.495766,0.008198,0.496035,S32,S39,M84,0.96,0.01,0.01,20497,198,259,325,781,704,479,3677,4831,3374,265,227,177,523,591,541,1234,1164,1147
343,Injury,S36,Injury of intra-abdominal organs,Injury of intra-abdominal organs,0.325,0.021767,0.653233,S36,S37,S39,0.71,0.18,0.04,2202,83,83,98,102,106,63,104,94,74,229,141,103,208,198,134,136,133,113
344,Injury,S37.0 S37.9,"Injury of kidney, Injury of unspecified urinary and pelvic organ","Injury of kidney, Injury of unspecified urinary and pelvic organ",0.655753,0.019645,0.324602,S37,N28,S36,0.84,0.11,0.02,877,,,,,,,,51,,99,93,56,89,100,116,86,97,90
345,Injury,S42,Fracture of shoulder and upper arm,Fracture of shoulder and upper arm,0.786502,0.050208,0.16329,S42,S49,T02,0.96,0.01,0.01,79807,849,1205,1791,4537,4217,3120,9181,9882,8448,3517,3585,3846,4156,4768,6512,3352,3211,3630
346,Injury,S43 M24,"Disloc and sprain of joints and ligaments of shoulder girdle, Other specific joint derangements","Disloc and sprain of joints and ligaments of shoulder girdle, Other specific joint derangements",0.917766,0.021774,0.06046,S43,S42,M24,0.92,0.02,0.02,30570,602,720,1162,1096,1087,838,1840,1983,1749,2823,2811,2811,1830,2438,2944,1169,1308,1359
347,Injury,S46,"Injury of muscle, fascia and tendon at shldr/up arm","Injury of muscle, fascia and tendon at shldr/up arm",0.686386,0.155997,0.157618,S46,M75,M66,0.99,0.00,0.00,1733,,,,,,,,,,118,142,102,278,477,337,73,82,124
348,Injury,S52,Fracture of forearm,Fracture of forearm,0.794758,0.073686,0.131555,S52,S59,M84,0.96,0.02,0.00,45810,1163,1592,2385,4356,4187,3035,4212,4015,3877,2516,2197,2157,2084,2428,2625,929,983,1069
349,Injury,S53,Dislocation and sprain of joints and ligaments of elbow,Dislocation and sprain of joints and ligaments of elbow,0.906327,0.025855,0.067818,S53,S50,S59,0.90,0.02,0.02,3104,114,157,187,276,237,181,198,172,223,263,160,178,170,193,180,60,59,96
350,Injury,S62 S52 S69,"Fracture at wrist and hand level, Fracture of forearm, Other and unspecified injuries of wrist, hand and finger(s)","Fracture at wrist and hand level, Fracture of forearm, Other and unspecified injuries of wrist, hand and finger(s)",0.921735,0.04707,0.031195,S62,S52,S69,0.67,0.29,0.02,175378,5166,5712,7882,12408,10909,7880,15218,16356,14445,14373,12055,9788,9617,10585,9237,4427,4421,4899
351,Injury,S63,Dislocation and sprain of joints and ligaments at wrs/hnd lv,Dislocation and sprain of joints and ligaments at wrs/hnd lv,0.962747,0.025504,0.011749,S63,S62,S60,0.90,0.03,0.02,14871,444,473,655,902,827,591,592,575,505,1201,1189,1023,1084,1281,1404,586,722,817
352,Injury,M20 S46 T11,"Acquired deformities of fingers and toes, Injury of muscle, fascia and tendon at shldr/up arm,","Acquired deformities of fingers and toes, Injury of muscle, fascia and tendon at shldr/up arm,",0.91686,0.061628,0.021512,M20,S46,T11,0.58,0.24,0.09,9394,184,223,360,640,682,447,443,335,388,610,571,547,756,1033,1153,263,345,414
353,Injury,S70-S79,Injuries to the hip and thigh,Injuries to the hip and thigh,0.25785,0.005158,0.736992,S72,S83,M96,0.87,0.05,0.02,68490,300,341,388,2128,1577,935,11922,15967,10876,833,594,543,1940,1586,1430,6234,5244,5652
354,Injury,S82,"Fracture of lower leg, including ankle","Fracture of lower leg, including ankle",0.685659,0.033556,0.280785,S82,S89,M84,0.96,0.01,0.01,33805,799,980,1280,3053,2666,1953,3037,2916,2816,2046,1711,1462,2106,2021,1753,1178,991,1037
355,Injury,S83 S86 M66,"Dislocation and sprain of joints and ligaments of knee, Injury of muscle, fascia and tendon at lower leg level, Spontaneous rupture of synovium and tendon","Dislocation and sprain of joints and ligaments of knee, Injury of muscle, fascia and tendon at lower leg level, Spontaneous rupture of synovium and tendon",0.802775,0.100076,0.097149,S83,S86,M66,0.56,0.26,0.10,31580,1031,1210,1878,1650,1607,1321,945,849,793,2943,3000,2972,2061,2804,3157,831,1113,1415
356,Injury,S82,"Fracture of lower leg, including ankle","Fracture of lower leg, including ankle",0.714324,0.069554,0.216122,S82,S97,S99,0.93,0.03,0.02,53752,1461,1882,2694,5322,4957,3714,4310,4182,4042,2748,2600,2323,2865,2955,2796,1553,1633,1715
357,Injury,S92,"Fracture of foot and toe, except ankle","Fracture of foot and toe, except ankle",0.957571,0.013177,0.029253,S92,S99,M84,0.96,0.02,0.01,88974,3929,5055,6088,9424,8231,5552,5359,4727,4802,5895,5469,4353,5053,5320,4333,1824,1728,1832
358,Injury,S93,"Disloc & sprain of joints & ligaments at ankl, ft & toe lev","Disloc & sprain of joints & ligaments at ankl, ft & toe lev",0.994182,0.002074,0.003743,S93,S99,S82,0.95,0.02,0.01,44866,3263,3482,5059,3553,3231,2431,1321,1217,1237,4544,4226,3790,2130,2181,1883,490,411,417
359,Injury,T00-T07,Injuries involving multiple body regions,Injuries involving multiple body regions,0.880439,0.013057,0.106504,T00,T01,S61,0.34,0.10,0.09,68947,2633,2185,2406,3557,2674,1778,4859,5675,4404,6348,4168,2752,5500,5297,3553,3990,3604,3564
360,Injury,T08,"Fracture of spine, level unspecified","Fracture of spine, level unspecified",0.746988,0.009701,0.243311,S32,S22,T08,0.38,0.23,0.20,36501,415,483,632,1763,1457,954,5160,5668,4444,932,790,648,1597,1779,1519,2750,2788,2722
361,Injury,T09,"Other injuries of spine and trunk, level unspecified","Other injuries of spine and trunk, level unspecified",0.750744,0.01196,0.237297,T09,S12,S13,0.21,0.14,0.09,9932,266,333,361,484,422,283,742,816,773,579,442,305,745,701,616,670,704,690
362,Injury,T11,"Other injuries of upper limb, level unspecified","Other injuries of upper limb, level unspecified",0.986576,0.006458,0.006966,S63,T11,S53,0.51,0.16,0.12,15446,904,916,1091,1098,1025,698,686,659,546,1472,1209,930,1020,1096,871,425,413,387
363,Injury,T13,"Other injuries of lower limb, level unspecified","Other injuries of lower limb, level unspecified",0.961825,0.018384,0.01979,S93,S83,T13,0.46,0.20,0.15,22566,1185,1384,1959,1829,1709,1224,962,900,793,1892,1781,1590,1194,1403,1334,454,477,496
364,Injury,T14,Injury of unspecified body region,Injury of unspecified body region,0.967958,0.006374,0.025668,T14,S60,S01,0.27,0.12,0.08,417314,17792,17389,22019,22576,18908,13769,21397,24030,20331,42169,32187,22967,31435,31893,23729,18863,17844,18016
365,Injury,T15-T19,Effects of foreign body entering through natural orifice,Effects of foreign body entering through natural orifice,0.889644,0.068858,0.041498,M79,T17,M60,0.34,0.16,0.16,19625,840,745,907,1265,1081,773,561,479,540,1995,1612,1018,2056,2056,1428,758,778,733
366,Injury,T29-T32,Burns and corrosions of multiple and unspecified body regions,Burns and corrosions of multiple and unspecified body regions,0.901287,0.015207,0.083506,T30,T31,T23,0.35,0.20,0.15,12604,869,726,904,778,589,399,284,259,257,1651,1192,814,1261,1068,692,342,277,242
368,Injury,T36-T50,"Poisoning by, adverse effect of and underdosing of drugs, medicaments and biological substances","Poisoning by, adverse effect of and underdosing of drugs, medicaments and biological substances",0.655611,0.082967,0.261422,T65,T51,T50,0.34,0.21,0.14,31101,3142,1894,1423,3444,1812,785,816,762,703,5245,1746,883,3951,1625,798,974,617,481
369,Injury,T66-T78,Other and unspecified effects of external causes,Other and unspecified effects of external causes,0.768224,0.023178,0.208599,J98,R06,T78,0.34,0.28,0.13,3233,80,93,99,221,191,116,305,213,214,108,80,59,249,229,165,295,257,259
370,Injury,S75 T11 S25,"Injury of blood vessels at hip and thigh level, , Injury of blood vessels of thorax","Injury of blood vessels at hip and thigh level, , Injury of blood vessels of thorax",0.648373,0.045443,0.306183,S75,T11,S45,0.20,0.15,0.10,2869,,74,50,199,132,72,315,270,238,67,81,50,227,219,148,231,253,243
371,Injury,T84 T81 Z47,"Complications of internal orthopedic prosth dev/grft, Complications of procedures, not elsewhere classified, Orthopedic aftercare","Complications of internal orthopedic prosth dev/grft, Complications of procedures, not elsewhere classified, Orthopedic aftercare",0.549913,0.027321,0.422767,T84,Z47,T81,0.93,0.01,0.01,35798,114,107,92,1957,1371,681,6438,6278,5653,154,85,,1441,1308,850,3173,3189,2907
100353,Dementia,F05 & S70-S79,#REF!,Delirium due to known physiological condition & Injuries to the hip and thigh,0.098713,0.001446,0.899842,S72,M96,S79,0.96,0.02,0.01,9566,,,,,,,1913,2949,1648,,,,,,,1150,906,1000
162163,Chest pain,I20 I25 I24 & I21,#REF!,"Angina pectoris, Chronic ischemic heart disease, Other acute ischemic heart diseases & STEMI & NSTEMI mocard infrc",0.07886,0.113498,0.807642,I21,I20,I24,0.49,0.40,0.09,17801,,,,551,328,157,1268,1158,946,172,131,77,1882,1821,1513,2510,2830,2457
162164,Chest pain,I20 I25 I24 & I20.8 I20.9 R07.4,#REF!,"Angina pectoris, Chronic ischemic heart disease, Other acute ischemic heart diseases & Other forms of angina pectoris, Angina pectoris, unspecified",0.404988,0.292048,0.302964,I20,R07,I25,0.61,0.34,0.03,27082,112,68,67,1300,850,406,2004,1825,1634,258,183,106,2440,2734,2271,3455,3823,3546
166167,Chest pain,I50 I51 I42 & I48,#REF!,"Heart failure, Complications and ill-defined descriptions of heart disease, Cardiomyopathy & Atrial fibrillation and flutter",0.40328,0.099793,0.496927,I50,I48,I51,0.85,0.08,0.03,14186,,,,240,156,96,1932,2206,1665,,,,572,575,468,2227,2084,1965
239255,Urinary tract diseases,N39 N30 N31 & N81,#REF!,"Other disorders of urinary system, Cystitis, Neuromuscular dysfunction of bladder, NEC & Female genital prolapse",0.893387,0.057483,0.04913,N39,N30,R32,0.69,0.10,0.07,23592,1071,1330,1228,4530,3509,1480,4010,3315,3119,,,,,,,,,
287288,Degenerative disorders of the spine (hernia),M45-M49 & M50-M54,#REF!,Spondylopathies & Other dorsopathies,0.736053,0.010004,0.253943,M48,M47,M51,0.30,0.30,0.20,23325,420,517,496,2112,1592,809,2311,1855,1868,483,474,303,1721,1939,1344,1541,1707,1833
290345,Osteoporosis,M81 M85 Z03 & S42,#REF!,"Osteoporosis without current pathological fracture, Other disorders of bone density and structure, Encntr for medical obs for susp diseases and cond ruled out & Fracture of shoulder and upper arm",0.847351,0.019538,0.13311,S42,M81,M85,0.64,0.23,0.06,7383,,,,778,700,426,1411,1142,1204,,,,259,258,333,253,291,328
290350,Osteoporosis,M81 M85 Z03 & S62 S52 S69,#REF!,"Osteoporosis without current pathological fracture, Other disorders of bone density and structure, Encntr for medical obs for susp diseases and cond ruled out & Fracture at wrist and hand level, Fracture of forearm, Other and unspecified injuries of wrist, hand and finger(s)",0.885002,0.060746,0.054251,S62,S52,M81,0.33,0.32,0.21,14299,,,,1897,1620,964,2716,2323,2276,,,,392,458,392,385,454,422
338359,Injury,S06 & T00-T07,#REF!,Intracranial injury & Injuries involving multiple body regions,0.818073,0.020771,0.161156,T00,S01,T01,0.41,0.18,0.07,10105,265,253,237,504,418,281,787,1050,812,660,366,254,761,616,508,802,771,760
338364,Injury,S06 & T14,#REF!,Intracranial injury & Injury of unspecified body region,0.92311,0.012989,0.063901,S01,T14,S00,0.26,0.25,0.14,33625,662,606,784,1576,1304,991,2709,3666,2972,1757,1069,811,2315,1923,1671,2885,2809,3115
